"DATASET","SERIES_CODE","OBS_MEASURE","COUNTRY","INDICATOR","FREQUENCY","SCALE","1979","1980","1981","1982","1983","1984","1985","1986","1987","1988","1989","1990","1991","1992","1993","1994","1995","1996","1997","1998","1999","2000","2001","2002","2003","2004","2005","2006","2007","2008","2009","2010","2011","2012","2013","2014","2015","2016","2017","2018","2019","2020","2021","2022","2023","2024","2025","2026","2027","2028","2029","2030","2031"
"IMF.FAD:FM(5.0.0)","GX231.GNLB_S13_POGDP_PT.A","OBS_VALUE","Low-Income Developing Latin America","Net lending (+) / net borrowing (-), General government, Percent of GDP","Annual","Units","","","","","","","","","","","","-2.150641075676049","","","","","","","0.2265850969593223","1.547502044144949","-0.1601195188097431","0.6559475493356449","-1.648886642392016","-2.064095155489147","-2.492155169153265","-0.9778261639973799","0.1962962602828152","-0.4923464512236154","-0.1330248918724604","-0.6176919256392374","-2.944885918773288","-1.785571219865417","-1.603695353110224","-2.322990976106495","-3.692206531476309","-2.592083665255018","-1.216915421458332","-0.6645008863879806","-0.7385281657494597","-1.314683004494929","-0.7929603831563863","-3.323729263740907","-2.502088779481965","0.3695592657497074","-0.1607156360510032","2.179124327118009","0.1060835279886852","-0.5178008351371692","-0.3052951472266278","-0.3933882758552859","-0.331927856958266","-0.2948366444218593","-0.2821071565172713"
"IMF.FAD:FM(5.0.0)","GX231.GPB_S13_POGDP_PT.A","OBS_VALUE","Low-Income Developing Latin America","Primary net lending (+) / net borrowing (-), General government, Percent of GDP","Annual","Units","","","","","","","","","","","","0.5049665362285777","","","","","","","1.6642024727782","2.930438379572889","1.22454881540777","2.093967212006029","-0.1739267650786287","-1.041132862686784","-1.41440118170171","-0.4928522858499193","0.6463440293707226","-0.2726518461500854","-0.1357677507961324","-0.8840820393919397","-3.105148207663954","-1.931335071756692","-1.543249458060523","-2.149549195439838","-3.497537717763821","-2.315787746498878","-0.7258304737107895","-0.1668776579226302","-0.1504200256988357","-0.6550044743098611","0.03142047902607867","-2.48555597182077","-1.607355144982728","1.281842049874299","0.8798805635092455","2.953465146536623","0.7215243775091689","0.1702900261433408","0.3490960599018957","0.277474971542781","0.3932135353395299","0.5012896189623456","0.5147952669225069"
"IMF.FAD:FM(5.0.0)","GX231.G63G_S13_POGDP_PT.A","OBS_VALUE","Low-Income Developing Latin America","Gross debt, General government, Percent of GDP","Annual","Units","","","","","","","","","","","","236.5430288980309","","","","","","","58.99255009056917","56.51363132281615","62.07508569915252","61.7485854193636","58.77251836153846","66.60761305457039","71.91420230782853","58.49833594663576","50.5955992294221","40.31397753942677","25.90256139626057","26.97423047255924","23.63304049969008","24.8696088904954","24.89190888578451","26.30369502906262","31.11901932919412","29.07634718971237","31.44138818808223","32.82207402046922","34.09497537383433","35.9829611202412","38.77824972795909","43.45491022649746","43.71004941114441","41.4314448730062","38.08009142259805","32.62163526102135","29.82681410368122","28.97353136148262","26.46263347049144","26.48301528161861","26.50619705049788","25.41445597271773","25.29693031023375"
"IMF.FAD:FM(5.0.0)","GX231.G1_S13_POGDP_PT.A","OBS_VALUE","Low-Income Developing Latin America","Revenue, General government, Percent of GDP","Annual","Units","","","","","","","","","","","","17.23220876488037","","","","","","","12.64360498075199","13.93311076684914","14.51277890237807","16.66762894841427","15.61700318820301","16.15203904770072","17.4248152459501","17.9440692277554","18.57857998866867","18.69673801421583","19.23985366703869","19.7699907040738","18.40551292882555","19.25083565244291","19.94938275713335","20.29340230148325","19.28067073749765","19.53450601198039","20.59972296305297","21.76179936732106","21.42853701701103","20.63701735281774","20.94657610875429","19.9046202663852","20.14042499392551","20.81217633389075","21.08841777734719","21.68393292127805","18.91443766336644","17.97437150646167","17.57677203493629","17.78155992914475","18.13123443192713","18.38662841653087","18.60782027347867"
"IMF.FAD:FM(5.0.0)","GX231.G2M_S13_POGDP_PT.A","OBS_VALUE","Low-Income Developing Latin America","Expenditure, General government, Percent of GDP","Annual","Units","","","","","","","","","","","","19.38284984055642","","","","","","","12.41701988379266","12.3856087227042","14.67289842118782","16.01168139907862","17.26588983059502","18.21613420318987","19.91697041510337","18.92189539175278","18.38228372838586","19.18908446543944","19.37287855891115","20.38768262971304","21.35039884759883","21.03640687230832","21.55307811024357","22.61639327758975","22.97287726897394","22.12658967723542","21.81663838451129","22.42630025370905","22.16706518276047","21.95170035731267","21.73953649191066","23.22834953012612","22.64251377340748","20.44261706814105","21.2491334133982","19.50480859416004","18.80835413537775","18.49217234159885","17.88206718216292","18.17494820500003","18.4631622888854","18.68146506095275","18.88992742999594"
"IMF.FAD:FM(5.0.0)","GX502.G2M_S13_POGDP_PT.A","OBS_VALUE","Emerging and Middle-Income Asia","Expenditure, General government, Percent of GDP","Annual","Units","","","","","","","","","","21.08134260395856","21.14438526871677","22.01559606437931","21.14094644503747","19.86114399237066","17.50489400537968","17.51648894632991","16.0469568282063","15.70857012101873","16.7117788807494","17.40791308884199","18.78910431966124","19.03421738968246","20.53169235090507","21.17232277656","21.03453261229259","20.37338303830932","20.07591415794681","20.0129202805642","20.11036329072976","22.83527588486197","24.96373695384527","24.23895146567976","25.49334899459054","26.54348870679417","26.82606053952317","26.97539108836219","29.06898349285383","29.3532204662144","29.35095193627608","29.97437856471145","30.77874402001268","32.92433879298521","30.5514973862707","30.77434290435327","30.67666499151669","30.78437468820221","30.52009737921391","30.3366000328927","30.62383492568243","30.54210246181114","30.43400764905057","30.40877734884908","30.38850575645148"
"IMF.FAD:FM(5.0.0)","GX206.G1_S13_POGDP_PT.A","OBS_VALUE","Emerging and Middle-Income Latin America","Revenue, General government, Percent of GDP","Annual","Units","","","","","","","","","","","","","","","19.09285352578989","19.50010891275743","","","","","19.05749184185436","19.99611827842957","23.82013268800984","24.91868726237863","25.14386014601445","26.11506664843371","27.8844203142595","28.53924379680778","29.24326404104324","30.91796826330478","29.13815136698837","29.54872814035852","30.66663599541912","30.60618088844099","30.08762223444886","29.26584721996183","29.32824401553981","29.45505204116485","29.12394409649558","29.03750457008501","29.33410955961237","27.35213868782149","28.81433229567034","30.22181735481672","29.29879237195405","29.5418427871637","29.4897926502086","30.22941654084114","30.0966873764557","30.14755821998168","30.20892964349287","30.32029827601051","30.31917832536367"
"IMF.FAD:FM(5.0.0)","GX35.CAPB_S13_POPGDP_PT.A","OBS_VALUE","Emerging Market and Middle-Income Economies","Cyclically adjusted primary balance, General government, Percent of potential GDP","Annual","Units","","","","","","","","","","","","","","","1.284595310630304","1.124339132189149","0.4449257949511332","-0.6060462588195513","-0.5402516638479832","-1.473984684175593","-1.473913901721309","0.1649288479942061","0.3971987018991253","-0.03387172343438086","0.5027061806291787","1.262682800536652","2.055943761323291","1.800745129843547","1.298402663858319","0.6554694648363158","-1.548748323288016","-0.9055605982545067","-0.07585652778974843","-0.1957167888587699","-0.5024101857120908","-0.6161606723652022","-1.675412034950067","-1.992179919545647","-1.669990133872011","-1.703859317251049","-2.563745231217209","-5.092167369520687","-3.080210513451319","-3.34354954451498","-3.392151548831615","-3.656413554081656","-4.06680128434024","-4.131390024235049","-4.067722779282452","-3.833229462670318","-3.577848162556651","-3.458539070676289","-3.375199339750005"
"IMF.FAD:FM(5.0.0)","GX35.GNLB_S13_POGDP_PT.A","OBS_VALUE","Emerging Market and Middle-Income Economies","Net lending (+) / net borrowing (-), General government, Percent of GDP","Annual","Units","","","","","","","","","","","","","","","-2.54160268138639","-2.802874093514227","-1.897032790077146","-1.425692127379638","-1.951360764020487","-3.800580418491411","-3.052565750747334","-1.326960171488105","-2.878031044693673","-3.457780249203229","-2.687716720578916","-1.124885979843249","0.553730844213705","0.8455211055394685","0.7411789965456051","0.6613890098004068","-3.78584829502102","-2.203969100405216","-0.8920423464203528","-0.8738883483694862","-1.579309424314832","-2.307992958184253","-4.015506565693519","-4.362257732361756","-3.754704127892684","-3.424592688859002","-4.379449724279621","-8.661909187799477","-4.980862296142434","-4.833928814215616","-5.268800502867565","-5.546921073455111","-6.008798442122955","-6.142448767946092","-5.939214554450702","-5.666292897248653","-5.450189702193047","-5.393500688490427","-5.416634805711968"
"IMF.FAD:FM(5.0.0)","GX235.G63G_S13_POGDP_PT.A","OBS_VALUE","Low-Income Oil Producers","Gross debt, General government, Percent of GDP","Annual","Units","","","","","","","","","","","","49.26555459539779","51.38976514801177","47.69968830144658","48.61072734376596","38.9788444818683","23.85696481693807","17.69299582111719","16.97490931482653","15.69197559398985","44.65461569678645","44.86465903510997","41.64157763998842","34.03608850784837","33.82493997092103","27.68240191932007","15.96950169778664","9.201943744854773","8.037788249998827","6.949497607051917","8.278479082696634","7.94306207248064","13.17436247869469","13.10507523640908","13.66732223796713","16.59410980472324","16.20594196345345","19.07104358564617","19.97644012962257","21.87795822500636","22.8884107787387","27.45047790655387","28.38720509309706","31.10055691149573","37.89958749132448","41.60444263886866","38.41782512388401","37.18057547782058","38.18021675729368","37.67430038333789","36.72183084763078","35.9071498124462","35.25485239065"
"IMF.FAD:FM(5.0.0)","G120.GNLB_S13_POGDP_PT.A","OBS_VALUE","G20","Net lending (+) / net borrowing (-), General government, Percent of GDP","Annual","Units","","","","","","","","","","","","","-2.52657396808935","-3.2051654688897","-4.209400533884534","-4.299759808972167","-4.966743143338406","-3.7619467424493","","","-3.068382338056375","-2.910224679627","-2.166033253417944","-3.848928133280921","-4.238073168825085","-3.303492333813917","-2.414787080154821","-1.500672767446471","-1.430231786530464","-2.932210499432201","-7.842228524631232","-6.490587553183584","-5.003225253077474","-4.400420065014366","-3.277118291254493","-3.062080209483765","-3.324543030974019","-3.564639488090719","-3.40510628028356","-3.39127082204481","-4.185224547674138","-10.47839500753044","-7.216931647583598","-4.487570512471432","-5.910665044512966","-5.919661823080684","-5.744512235625756","-6.17405565874403","-6.021049406892992","-6.064376907190513","-5.938947003731254","-5.910993757563893","-5.869445551276648"
"IMF.FAD:FM(5.0.0)","G119.GNLB_S13_POGDP_PT.A","OBS_VALUE","G7","Net lending (+) / net borrowing (-), General government, Percent of GDP","Annual","Units","","","","","","","","","","","","","-2.585589834884775","-3.279974435797172","-4.508297973190641","-4.544867955038662","-5.783350992660686","-4.401608300218333","","","","","-1.994687304531496","-4.118731149651002","-4.702250779567291","-3.951423053344511","-3.244368529311443","-2.20117072480821","-2.223417213270051","-4.48907918289202","-9.806927435139505","-8.785201279582568","-7.370880303190006","-6.491556778579869","-4.339166848864966","-3.606164200334716","-3.008505901055243","-3.317907055429691","-3.346298742168824","-3.353917063018329","-3.791770301988457","-11.68814805819051","-8.881850151609204","-3.720504913493183","-6.186884213244474","-6.098420086018381","-5.405179374928699","-6.09453312100069","-5.809157163932517","-6.022689103203395","-5.942226000884113","-5.932445371615669","-5.833381988642768"
"IMF.FAD:FM(5.0.0)","G119.G63N_S13_POGDP_PT.A","OBS_VALUE","G7","Net debt, General government, Percent of GDP","Annual","Units","21.99876007534083","24.0481380170722","25.96736394552254","29.12376359813064","28.18174274175533","30.36730652717164","33.15446621950831","35.1401689116709","32.99506832379585","38.42967059947006","35.72963171971292","35.95412017619699","35.85682849992908","38.7535298610573","40.70383231376306","45.70509502850136","45.99571935931059","50.58701457081895","52.48397292474795","55.80237345993614","58.64325005906658","58.08479784421515","47.82207074597235","50.51092419002054","53.74828076167731","59.07198619037854","58.14539119314094","56.21998199042085","55.43700930272242","61.30402464899978","72.68755081002291","78.59987833674134","84.06302289098952","87.30401558328411","85.96937952854949","85.43598672502425","85.13093302910683","86.55842083224088","84.41530634415502","84.4366630148798","85.11640247649983","98.39188847895662","95.93453875450232","92.0711377697662","92.38987952721876","92.7324784108696","93.32968910721255","94.22211117700688","95.96865054417508","98.30008809260016","100.5659728449298","102.8967689363213","105.2193770827324"
"IMF.FAD:FM(5.0.0)","GX161.CAB_S13_POPGDP_PT.A","OBS_VALUE","Oil Producers","Cyclically adjusted balance, General government, Percent of potential GDP","Annual","Units","-0.162472368413293","-0.6436935366820011","-3.424842095099716","-5.054998473214958","-6.038220590632834","-7.031910848747033","-8.129981679865256","-6.228620077467488","-5.349861002959861","-5.172768511025668","-5.846468918763726","-6.312515000856781","-7.567446365627616","-8.063631670244742","-7.954015098358924","-6.962768090261011","-5.360561044576756","-2.625136742582837","-0.3405274940612173","-0.635866107712107","-0.2513152216699785","2.583824185105606","0.8966753597719367","-0.2978042817775037","0.6021345706363499","1.972237824042392","3.641887036578462","4.004781878395256","2.419182749095908","1.337025479343111","-3.733837150301647","-3.065679186785023","-0.9036013776071823","-1.597076948886929","-1.961446890690389","-1.534438227361312","-3.124465227145361","-3.32141430511041","-2.036383048114061","0.192376483961485","-0.4484364922941845","-7.139148997902731","-1.901333852316002","-0.9599098067205711","-2.103254232045957","-3.22992705509346","-4.081067970243426","-3.840945812875536","-3.670860853118449","-3.534298500580589","-3.092068390407262","-3.064136010866789","-2.937328171601052"
"IMF.FAD:FM(5.0.0)","GX35.G2M_S13_POGDP_PT.A","OBS_VALUE","Emerging Market and Middle-Income Economies","Expenditure, General government, Percent of GDP","Annual","Units","","","","","","","","","","","","22.79723017284607","","","21.25274012560619","21.34841734261473","21.5975406806822","21.40986741115202","21.79326614905986","23.12785078691186","22.74174640594694","23.05149136116298","25.60613794546598","26.62013127241035","26.28323807555311","25.69727525429575","25.90201695443467","26.23457304653837","26.4543718944285","28.56964807035609","30.3494429320611","29.19128359528683","29.34356681344101","29.9422256616139","30.21481669939688","30.36190336769595","31.27204446474609","31.20298421673802","30.81369160835307","30.99680581949839","31.53673019734501","34.02922540431581","31.17192601419965","31.23250453419706","31.88464431904386","32.11088059482004","32.24820467710637","32.30524044696184","32.12178577131969","31.82637923046129","31.58522587859683","31.50573873667912","31.45579289542683"
"IMF.FAD:FM(5.0.0)","GX777.CAB_S13_POPGDP_PT.A","OBS_VALUE","Emerging and Middle-Income Middle East and North Africa and Pakistan","Cyclically adjusted balance, General government, Percent of potential GDP","Annual","Units","","","","","","","","","","","","","","","","","","","","","","","","","","","","2.644244537411729","-0.3535799125937948","1.582099436575686","-5.901571805805266","-4.366708585727822","-4.051265796897145","-5.60510386628802","-5.54638442829638","-7.300444367076966","-10.11550506228237","-10.12523367824452","-7.394758597383197","-5.544541451912119","-6.315301712654787","-7.255307051883148","-4.965097761356881","-2.349843910338174","-3.927268369636447","-6.868786751031994","-6.06589143578403","-7.956942735770403","-6.032453848726947","-5.724321880714775","-4.187381740354942","-3.806022728973064","-2.277082129285864"
"IMF.FAD:FM(5.0.0)","GX149.GNLB_S13_POGDP_PT.A","OBS_VALUE","Emerging G20","Net lending (+) / net borrowing (-), General government, Percent of GDP","Annual","Units","","","","","","","","","","","","","","","-2.528918437868298","-3.020313206693397","","","-2.72485609633505","-4.134617660461119","-4.067399326065025","-3.08824453414996","-3.751189128189293","-3.897680139384162","-3.368819478913779","-1.377880328751492","-0.0618316284245475","0.2508504997044794","0.2069013569222148","0.550199765679477","-3.802545730528389","-2.364937728614179","-1.056987136625681","-1.156259172072841","-1.814287322479777","-2.431059328888993","-4.158761142427417","-4.431641743192902","-3.994013510042802","-3.990083557321052","-5.093650405767904","-9.250790201994093","-5.308042698841861","-5.866917916885296","-6.050556250623113","-6.146607464003063","-6.643490994900884","-6.708865261175708","-6.737808836361286","-6.560554390843237","-6.380179488389503","-6.342460166316095","-6.378116705605321"
"IMF.FAD:FM(5.0.0)","GX234.G1_S13_POGDP_PT.A","OBS_VALUE","Low-Income Developing Others","Revenue, General government, Percent of GDP","Annual","Units","","","","","","","","","","","","18.93311302621231","20.35695206114427","23.35902634402779","21.57910919430436","19.27913215286628","21.25943022258455","23.55115476461811","21.26115137079873","21.43780311411118","21.03962568476427","19.52239053925117","17.52394581301177","16.59255891224782","17.98556971368994","19.55423068537124","20.03973108151249","21.08414253050961","21.02690310583485","23.85518669088336","21.37601741172713","22.08311375241027","21.76324397150385","21.97562381278693","20.2899067629229","19.71423971445428","18.46025017745174","17.57211403233309","18.27459192236126","20.57010448725785","20.38915946198917","18.7267394342455","19.62158014892238","23.70399808219646","21.19269436151669","21.92166826274532","22.72132638692713","23.57950917164524","23.88588195715353","24.04268020413238","24.20837372676399","24.33874004947867","24.34489795529297"
"IMF.FAD:FM(5.0.0)","G120.G1_S13_POGDP_PT.A","OBS_VALUE","G20","Revenue, General government, Percent of GDP","Annual","Units","","","","","","","","","","","","","35.74375751439383","35.91952277237881","34.12363359175669","33.77781365309523","33.41325432059472","33.38633124246121","","","33.41052379809096","32.55615041949692","32.44989727111594","31.4193736206683","31.54505588228137","31.87964120877832","32.58973589028317","33.07889626575638","33.21729609766142","33.290663110915","31.66014975694712","31.38406366074365","32.19753169330933","32.37207308971392","33.02162851877976","32.95314763457831","32.72431385860869","32.54018564161768","32.34864521375081","32.41604675782861","32.04988788897052","31.66817871225434","32.38597481383225","32.58945860088701","31.45840156128241","31.61610295212431","31.89620876120596","31.6656955633637","31.66096164229685","31.55114155674858","31.50545620581739","31.54239114636141","31.50096852904083"
"IMF.FAD:FM(5.0.0)","GX777.GPB_S13_POGDP_PT.A","OBS_VALUE","Emerging and Middle-Income Middle East and North Africa and Pakistan","Primary net lending (+) / net borrowing (-), General government, Percent of GDP","Annual","Units","","","","","","","","","","","","","","-3.681063233338152","-4.302051194114647","-2.969755640220807","0.4371706418561341","2.493775791109773","2.952397222289766","-0.9122128694895737","2.591718103464162","8.656461923091796","2.449888537153091","0.5584764783777311","3.055524620230012","4.430294074757353","9.440012018150181","9.928943163367398","7.546845201420314","9.646707951720194","-2.252669763050543","1.539864707765454","4.109611088336448","5.536281833191495","2.873663185374559","-1.044508971409621","-6.595685896905712","-7.582986540271318","-4.396942768328892","-0.9416714059005051","-1.550083955540927","-6.884293278188063","-0.8638046270472188","3.302642580207357","0.2999081732734664","-0.8416720735996794","-2.009589526509337","-2.215648307620735","-0.2501521121940398","-0.02527402917996558","0.004444168892350802","-0.1763647087302954","-0.3580811802155391"
"IMF.FAD:FM(5.0.0)","G119.G1_S13_POGDP_PT.A","OBS_VALUE","G7","Revenue, General government, Percent of GDP","Annual","Units","","","","","","","","","","","","","38.06898841906323","38.50974926782309","37.5069542952717","37.04384526898844","37.27096160941949","37.78561259596377","","","","","34.9440877778746","33.60306209828303","33.69920230131199","34.06916366414269","34.86305683822609","35.62612889622179","36.02904957021632","35.59626307727794","34.1943589939577","34.03927102061185","34.69234050383733","34.73618552488686","36.23080429135845","36.39238699251399","36.16781364749595","35.85267371413008","35.65685408594574","35.67251390199819","35.4128980835233","35.88599335309712","36.83080872338495","37.34483967575843","35.05794954651827","35.28086646058557","36.04027895404807","35.82530412142356","35.88661869062585","35.8997812545357","35.93008040896822","36.10168648051457","36.17976411486419"
"IMF.FAD:FM(5.0.0)","GX230.GPB_S13_POGDP_PT.A","OBS_VALUE","Low-Income Developing Asia","Primary net lending (+) / net borrowing (-), General government, Percent of GDP","Annual","Units","","","","","","","","","","","","0.2774791280370781","1.10773110847856","0.5376579083241257","0.5244503486362449","0.7155660511011647","0.7073806963582815","-0.9000075630011477","-0.798727312795453","-1.253574350462598","-0.5417979367769741","-1.458129826949119","-2.430323748673008","-1.410636836729696","-0.8570807664332391","-0.9166230365354639","-0.7691519916150069","-0.1504924215229938","-0.08552437486373325","-0.9608968707785206","-1.576275428655957","-1.038290766699566","-1.657927300756491","-1.239428771173477","-1.22889833254194","-0.9079019388091099","-1.890125518379564","-1.608634937252894","-2.450199229649132","-2.275591374629777","-3.166767514730579","-3.616323876904574","-1.867180283741294","-2.245307103126983","-2.287500598393685","-1.34187908795992","-0.8623517686555239","-1.303060452319914","-1.865642811459747","-2.056201056460331","-2.339567156049028","-2.500535202942261","-2.513018615761901"
"IMF.FAD:FM(5.0.0)","GX35.G63N_S13_POGDP_PT.A","OBS_VALUE","Emerging Market and Middle-Income Economies","Net debt, General government, Percent of GDP","Annual","Units","","","","","","","","","","","","","","","","","","","","40.65950943443357","41.55452060049822","36.35545674123595","41.08781557637788","45.84185863186128","43.2377433625849","38.73493158124533","33.27033941055361","29.52116664988488","25.7966603185552","22.62805957627307","26.03204876773332","25.9532851150737","23.85479585495322","22.47318755973952","22.59962328189158","23.85436681018762","28.10951316916429","33.95894512874175","35.3032234227694","36.09523069280711","37.74640719364469","45.16186299854638","44.31317652930693","41.71635729820707","41.90634214573772","43.28614079884398","45.22231736249974","48.01926796216549","49.43866420335931","50.48078914832729","51.39273898537765","52.04354355678153","52.40233238232957"
"IMF.FAD:FM(5.0.0)","GX161.GNLB_S13_POGDP_PT.A","OBS_VALUE","Oil Producers","Net lending (+) / net borrowing (-), General government, Percent of GDP","Annual","Units","","","","","","","","","","","","-2.888557461507081","-4.801819625320162","-6.321074597993008","-7.036535314666138","-5.482165013258521","-2.383841866653606","0.6087734878764727","1.1577195987805","-2.725652301620484","0.3956283292717377","5.805181483332654","1.868525132155759","0.789850148831893","1.664548937688107","3.980075498269751","7.430071085898152","7.997642111702477","5.983144350554692","6.723898051320769","-3.022341623826341","-0.4977779962994577","2.502869089296968","2.762313369933462","1.272121729266344","-0.2632902626741341","-3.545057713369647","-4.324915513340845","-2.336851233572086","0.4909506967174081","-0.03864697940177768","-7.075607312708534","-0.561777036772326","3.003243033139116","0.4687727752168395","-0.7218688733947031","-2.132302985993686","-2.182285932706437","-1.433518812764162","-1.419048582864171","-1.18934781397864","-1.26478687266443","-1.352526212090103"
"IMF.FAD:FM(5.0.0)","GX235.G1_S13_POGDP_PT.A","OBS_VALUE","Low-Income Oil Producers","Revenue, General government, Percent of GDP","Annual","Units","","","","","","","","","","","","14.10849400366251","12.79169257510217","17.02566358429138","14.20198817478453","9.301146572014818","11.49704682657549","11.37413765999868","10.94779797957579","7.786523672702593","13.72643561775561","20.66968516700459","19.95794716170177","15.09230720524267","15.30280905364749","17.01828046319924","16.44920865451907","15.68017082288378","12.79579485164181","15.25025160506367","7.923560896174738","9.837470612664174","13.68093818211657","11.44731161980276","9.177800864782698","8.640485780824512","5.688792751427339","4.290243475933568","5.311208661940724","6.806960351088576","6.332020331414923","5.473517299081996","5.899594814570228","7.737864805020609","8.379029663815121","12.3574622988737","11.65482293488454","12.07214026060176","11.9624802089858","11.71091223097907","11.77460170085047","11.65368041670839","11.59254704537775"
"IMF.FAD:FM(5.0.0)","GX502.GPB_S13_POGDP_PT.A","OBS_VALUE","Emerging and Middle-Income Asia","Primary net lending (+) / net borrowing (-), General government, Percent of GDP","Annual","Units","","","","","","","","","","","-2.001840704369373","-1.683751611700931","-1.290931200238912","-1.370375101070023","-0.886327781770334","-0.9393567262618378","-0.2752934617170112","-0.00949338293627428","-0.4912064662162591","-1.471965761023094","-1.943008584875703","-2.115575355578641","-2.293231716959167","-2.593292935220644","-2.099861412428109","-1.184611782409468","-0.4665770121109713","0.04326546875250333","0.617656070920257","-0.02575422114217586","-1.865939404886328","-0.7555217762253039","-0.2327972269988745","-0.3789003673460622","-0.5722731115111811","-0.4495312141649695","-1.90758653982793","-2.330384381662807","-2.109768613248866","-2.664300487330223","-4.121411918857014","-7.845916351972178","-4.714344570371743","-5.431308385794504","-4.732314863931898","-5.047082344690568","-5.438888158619623","-5.535611197813852","-5.548535162445915","-5.283904249653265","-5.060361205153741","-4.921630193208623","-4.861512716311596"
"IMF.FAD:FM(5.0.0)","GX777.CAPB_S13_POPGDP_PT.A","OBS_VALUE","Emerging and Middle-Income Middle East and North Africa and Pakistan","Cyclically adjusted primary balance, General government, Percent of potential GDP","Annual","Units","","","","","","","","","","","","","","","","","","","","","","","","","","","","5.680809544264484","2.499148231476767","3.945940043873389","-3.543640544573699","-1.687866280509991","-1.335040032285231","-2.846962740105686","-2.219853200210447","-3.927896123817958","-6.441372451655271","-5.923716270644342","-3.583012161243602","-1.41946160559705","-1.771590234328361","-2.547829120699243","-0.7185116625719285","1.260359349910537","-0.3100205486532344","-2.678696691593223","-1.52008078242769","-1.602425166834254","-0.3565958245178592","-0.4275283247431882","0.211529148307637","0.2825897489964243","1.654963394979411"
"IMF.FAD:FM(5.0.0)","GX148.CAPB_S13_POPGDP_PT.A","OBS_VALUE","Advanced G20","Cyclically adjusted primary balance, General government, Percent of potential GDP","Annual","Units","","","-0.7038315656545803","","","","","","","-1.294298724109894","-0.8704850949427811","-1.593670246993546","-1.635077261150234","-1.482199392197465","-1.180565791072159","-1.352868820548397","-2.087492964045314","-0.4964537235731119","0.4935518081721966","0.2311938866334604","-0.1353649754986878","-1.060997390549151","-0.1918464358304185","-1.657373495751886","-2.220188499401287","-2.069954797743408","-1.403245472038746","-0.9081374523710906","-1.114183183538334","-2.501572110869179","-4.437082384394697","-5.638532607726318","-4.231767787998522","-3.133303177462733","-1.918162331413755","-1.26949077658668","-0.9158482562049217","-1.117060017623155","-1.28200487737869","-1.255821802990879","-2.044324465862907","-6.988646263829371","-6.091981152592522","-2.085678560084686","-4.190870672823191","-3.019611701529619","-3.067353748958176","-2.928034253938263","-2.827283024866459","-2.717803715473769","-2.434686267852939","-2.277569626133599","-2.096940596555757"
"IMF.FAD:FM(5.0.0)","GX35.CAB_S13_POPGDP_PT.A","OBS_VALUE","Emerging Market and Middle-Income Economies","Cyclically adjusted balance, General government, Percent of potential GDP","Annual","Units","","","","","","","","","","","","","","","0.3591265527464861","0.00006589167922069391","-0.7181779376061868","-2.230496135173133","-2.804595888988202","-3.695543349065579","-4.031673656477056","-3.125825037794092","-3.142445243347826","-3.210879978835822","-2.686912236959666","-1.499306502845785","-0.5114533545169617","-0.6259163145244862","-0.8738247627947464","-1.35810354659182","-3.446262422111929","-2.856466456795302","-2.037834435453559","-1.95382765281876","-2.300212295979619","-2.432236765810351","-3.575821435081711","-3.854059448640008","-3.638022809574679","-3.687278346985112","-4.509231362501452","-6.964247117998783","-4.942806144899268","-5.341203466109977","-5.576690848882173","-5.872247037581727","-6.386225639132279","-6.756553890262269","-6.709645589189281","-6.480814460602096","-6.258952889654379","-6.17690229090769","-6.132428180807688"
"IMF.FAD:FM(5.0.0)","GX777.GNLB_S13_POGDP_PT.A","OBS_VALUE","Emerging and Middle-Income Middle East and North Africa and Pakistan","Net lending (+) / net borrowing (-), General government, Percent of GDP","Annual","Units","","","","","","","","","","","","-2.172674928397825","-3.207979088379658","-4.438113740059877","-5.985942712856818","-4.761440875358702","-2.100165792874766","-0.287208168678632","-0.3335332257674394","-3.940735596011597","-0.4766162871050668","5.476951213700983","0.4398314537715956","-1.755959281565943","1.073911616420833","3.031086904646779","8.436516540709016","9.073927782274889","7.015431478089511","9.311604475444145","-2.866333759014699","0.8263809809129439","3.489553035511343","4.961680526615357","2.230204455372432","-1.594802658417399","-7.023026904920256","-7.97801295158534","-4.69059867077201","-1.78941092562096","-2.69117522245812","-7.86077447609286","-2.103181696378732","2.523413209092982","-0.587900211832157","-2.050309548204326","-3.249543110364055","-3.936946780581708","-1.888765787594054","-1.582203293258527","-1.313450315720842","-1.441316901133827","-1.635439990545641"
"IMF.FAD:FM(5.0.0)","G119.G63G_S13_POGDP_PT.A","OBS_VALUE","G7","Gross debt, General government, Percent of GDP","Annual","Units","","","","","","","","","","","","","53.95942258092698","57.88859760661629","62.74608587830551","68.81546773711729","73.23080813534329","76.11346544577964","","","","","71.5865468103139","73.39023059246202","76.47130594560731","81.54834448208214","81.65408363133123","79.34514639291164","77.84173226702717","84.83344217752262","99.58041145354313","107.2869257864132","111.8770648592161","115.9776208692352","114.6350725875166","113.705562110336","113.1963470533867","115.6183737145094","113.9437754791754","113.801287535503","114.6152937822414","136.1140720965473","129.0787930305672","122.8889887596827","121.4785570829912","122.1339741676122","123.0574045928982","124.0132563801819","125.6219765858366","127.8875617468842","129.9792264347271","132.083745745838","134.1626448165276"
"IMF.FAD:FM(5.0.0)","GX148.G63N_S13_POGDP_PT.A","OBS_VALUE","Advanced G20","Net debt, General government, Percent of GDP","Annual","Units","21.99876007534083","24.0481380170722","25.96736394552254","29.12376359813064","28.18174274175533","30.36730652717164","33.15446621950831","35.1401689116709","32.99506832379585","38.42967059947006","34.59342268511771","34.85622489136751","34.9579797153096","38.02401644994074","40.06465709897924","44.88853688043231","45.34238443670469","49.62294718930133","51.27701988171337","54.47387524346329","57.06223188046663","56.42839616110686","47.08932692956003","49.62696570014578","52.62098364117164","57.65355397575055","56.58769996055178","54.61730180700346","53.62827576065314","59.26931863344428","70.51355588345506","75.96205102193455","81.03075991778637","81.09645520069877","79.89435383162452","79.50593255349054","79.55383285052099","80.95442665475939","78.71606611326336","78.69951151396955","79.7625197797425","92.44102713948561","89.97769466501742","86.71539132447362","87.24724226079676","87.73687584134951","88.52408226637325","89.16419459625073","90.75182486720688","92.89767037983905","94.97218985633756","97.06887205247443","99.12509501165301"
"IMF.FAD:FM(5.0.0)","GX235.G63N_S13_POGDP_PT.A","OBS_VALUE","Low-Income Oil Producers","Net debt, General government, Percent of GDP","Annual","Units","","","","","","","","","","","","","","","","","","","","","","","","","","","","","","0.2880097224782828","3.781134724546397","4.583505717453332","8.844307495873362","7.578121569535049","8.128012307270237","7.304992442774009","9.259157443076017","10.46225536198608","12.04660775385007","12.55073456538849","14.78633524105381","17.34993305728631","25.8062062845633","29.37172894152747","35.91444065030761","39.10440732526932","35.88247788468196","35.20884894955821","36.56246987690754","36.39464134159927","35.74793549814341","35.21739467886149","34.81249364610977"
"IMF.FAD:FM(5.0.0)","GX148.GNLB_S13_POGDP_PT.A","OBS_VALUE","Advanced G20","Net lending (+) / net borrowing (-), General government, Percent of GDP","Annual","Units","","","","","","","","","","","","","-2.591857455769822","-3.321727086615629","-4.514188391991227","-4.522472798319888","-5.362214331793395","-3.997171687944466","","","","","-1.852586605760845","-3.839501621431541","-4.410689458783898","-3.715883763415004","-2.989301815367269","-1.98603626162553","-1.952256479839273","-4.203012232535213","-9.36111240211133","-8.308030013577123","-6.945669999601345","-6.086490280026601","-4.08716368439319","-3.415611354619203","-2.858241141272267","-3.090391225925217","-3.060826835367153","-3.036093815926877","-3.64283744816553","-11.1991083077362","-8.42841254380482","-3.583822756701979","-5.821978960016601","-5.776238511721751","-5.176164903184065","-5.819852770815008","-5.535824178412715","-5.721731373115532","-5.627575446156563","-5.600081519573446","-5.494871638775302"
"IMF.FAD:FM(5.0.0)","GX35.GPB_S13_POGDP_PT.A","OBS_VALUE","Emerging Market and Middle-Income Economies","Primary net lending (+) / net borrowing (-), General government, Percent of GDP","Annual","Units","","","","","","","","","","","","","","","-0.7283306618579913","-0.9284645879302593","0.3115490761365868","0.6961389043371607","0.3838810888878038","-1.198129165311365","-0.4395172328520465","1.278784483152841","0.4144336464725178","-0.3369538405669003","0.3623465534538449","1.424074765110668","2.862284377782385","2.941073558877731","2.573210558565713","2.362778514549632","-2.078525236499564","-0.4849132890298586","0.7963361280412348","0.6596398864774444","-0.03571419411885727","-0.7474420463881353","-2.339305543705443","-2.738206328069182","-2.016687066689937","-1.663062258187318","-2.607481642706614","-6.879779504414418","-3.226860255532499","-3.046038334125431","-3.283444975343062","-3.505024724059607","-3.880075465884928","-3.768568494907219","-3.54230568021054","-3.259212539170943","-3.011459853850012","-2.917547226698828","-2.899792165363679"
"IMF.FAD:FM(5.0.0)","GX230.GNLB_S13_POGDP_PT.A","OBS_VALUE","Low-Income Developing Asia","Net lending (+) / net borrowing (-), General government, Percent of GDP","Annual","Units","","-5.859606686424859","-5.139545035600475","-5.551215528979523","-5.330372143733846","-4.195385254450022","-4.044306533775226","-4.417492095189765","-3.963661405060273","-3.565152124060211","-3.831134427574619","-0.3906575372881141","0.3160333092727294","-0.244433155112793","-0.2921278959900339","-0.08862358062414178","-0.1828220309638283","-1.796912473574211","-1.712225355864688","-2.280655211509127","-1.74784929002036","-2.681988242915431","-3.565640970041738","-2.65709843003767","-2.194252410929317","-2.032766053221335","-1.869017481366915","-1.258649489307943","-1.245750714558796","-2.375975200592421","-3.055893086416561","-2.340614349237144","-2.864754680314133","-2.550568237924573","-2.577501208673601","-2.327672703624439","-3.274588781762884","-2.97310353265332","-3.800106590674087","-3.704164293992544","-4.678045254861697","-5.297553806217706","-3.725102199646331","-4.070260344864066","-4.20268300440168","-3.461135074980521","-2.954547472457002","-3.461187787353176","-4.012235908495138","-4.491492378292107","-5.03481013125633","-5.466467163919604","-5.574973837150238"
"IMF.FAD:FM(5.0.0)","GX35.G63G_S13_POGDP_PT.A","OBS_VALUE","Emerging Market and Middle-Income Economies","Gross debt, General government, Percent of GDP","Annual","Units","","","","","","","","","","","","","","","","","","","40.15093087815058","46.81456361381341","43.44639483816921","44.5322707074638","45.72107336270128","49.32049319892166","47.78516497080414","45.24244264407979","40.97613304493301","36.97121407693112","35.72446207912497","33.52282570594303","38.79746559059279","37.63441251418234","36.75607354139764","36.85633316559946","38.15993448004314","40.14664106419874","43.84111392901979","49.43170441540432","51.33849940599292","52.72153515515464","55.53358259105461","65.71601833506741","64.85607638987419","64.72191417729311","68.93966076039131","70.77162188603786","74.74057787684488","77.46181328139253","80.444996923309","82.498443683098","84.15234296270312","85.60876993138542","86.74264335793327"
"IMF.FAD:FM(5.0.0)","G119.G2M_S13_POGDP_PT.A","OBS_VALUE","G7","Expenditure, General government, Percent of GDP","Annual","Units","","","","","","","","","","","","","40.654578253948","41.78972370362027","42.01525226846233","41.5887132240271","43.05431260208016","42.1872208961821","","","","","36.93877508240611","37.72179324793403","38.40145308087927","38.02058671748721","38.10742536753753","37.82729962103001","38.25246678348635","40.08534226016996","44.00128642909719","42.8244723001944","42.06322080702734","41.22774230346674","40.56997114022342","39.9985511928487","39.17631954855122","39.17058076955978","39.00315282811456","39.02643096501652","39.20466838551175","47.57414141128763","45.71265887499416","41.06534458925159","41.24483375976276","41.37928654660394","41.44545832897678","41.91983724242425","41.69577585455838","41.9224703577391","41.87230640985233","42.03413185213025","42.01314610350695"
"IMF.FAD:FM(5.0.0)","GX777.G2M_S13_POGDP_PT.A","OBS_VALUE","Emerging and Middle-Income Middle East and North Africa and Pakistan","Expenditure, General government, Percent of GDP","Annual","Units","","","","","","","","","","","","22.85702030168769","25.63433978224752","32.74493340311503","31.05251774057168","28.77816305928005","26.38410195650645","25.31622034679349","25.33847928811625","24.8619598195841","23.00530450962946","21.61439756891012","23.80895893582985","26.99038452464657","25.389299845036","26.13974662928492","24.85182522415415","24.94820323624452","24.82271304070252","27.31444662107256","31.40372874906718","28.94200030102696","28.16793077060567","29.24557582783419","30.72948852651272","31.83229727028289","31.42864305810702","30.5802521847562","28.70171998409797","28.98078060904848","29.81080311785643","32.82216189505028","27.67828825466781","25.73212578420378","27.60445204344332","28.16500323557093","28.31170072367155","28.60108481023851","27.731390068196","27.25298205322008","26.68265398377199","26.51595215482408","26.40812041919313"
"IMF.FAD:FM(5.0.0)","G110.G63N_S13_POGDP_PT.A","OBS_VALUE","Advanced Economies","Net debt, General government, Percent of GDP","Annual","Units","22.42141495127844","24.29302520619674","26.05699613642726","28.88811525781193","27.96055108306736","30.99063144585086","32.87523196470378","34.68755244062906","32.65625806255333","37.6582905397123","34.26000873033535","33.88782172654502","34.02760108239247","36.69926867325717","38.60756935788194","43.54261715773377","44.57052731991838","48.34375098823957","49.08218764818437","52.50715676650107","53.59522745399809","52.35138949659192","45.74636670636991","47.69906455598434","50.02495342029064","54.02573449638369","52.63850982732702","50.208800980386","48.55633360940031","53.19470553675887","63.81385821835369","69.06605321198584","73.62269625637061","74.81330501463299","73.85042879674525","73.6495207298053","73.86296616738327","75.0936036197692","72.77730764640883","72.44257211011773","73.24265235985921","84.86641318579513","81.98404085026305","78.96388415374317","79.27465499563863","79.34129839595897","79.52996110375549","79.82120342291999","81.16099207328267","82.94641498103946","84.70260320234534","86.46966391595016","88.18697831281706"
"IMF.FAD:FM(5.0.0)","GX777.G1_S13_POGDP_PT.A","OBS_VALUE","Emerging and Middle-Income Middle East and North Africa and Pakistan","Revenue, General government, Percent of GDP","Annual","Units","","","","","","","","","","","","18.17402114505404","21.35212845833079","25.83742177698028","25.06657502771487","24.01672218392134","24.28393616363166","25.02901217811485","25.0049460623488","20.92122422357249","22.52868822252437","27.09134878261112","24.24879038960144","25.23442524308061","26.46321146145683","29.17083353393172","33.28834176486317","34.02213101851941","31.83814451879204","36.62605109651671","28.53739499005247","29.76838128193991","31.65748380611703","34.20725635444953","32.95969298188514","30.2374946118655","24.40561615318676","22.60223923317086","24.01112131332596","27.19136968342753","27.1196278953983","24.96138741895742","25.57510655828909","28.25553899329676","27.01655183161122","26.11469368736658","25.06215761330748","24.6641380296568","25.84262428060192","25.6707787599615","25.36920366805118","25.07463525369029","24.77268042864748"
"IMF.FAD:FM(5.0.0)","G001.CAPB_S13_POPGDP_PT.A","OBS_VALUE","World","Cyclically adjusted primary balance, General government, Percent of potential GDP","Annual","Units","","","","","","","","","","-1.002292569341857","-0.8189636830724735","-1.270107747649312","-1.502134213263839","-1.401196597440803","-1.166546122953931","-1.251868380030572","-1.806018847037507","-0.3077491188412855","0.4720414643868738","0.1420878359731596","-0.114863593754369","-0.413291869501859","0.03921547052249672","-1.162281192462943","-1.489260771421348","-1.198120571826464","-0.4405199775733599","-0.1108234131385363","-0.3863022957921316","-1.649437757340387","-3.612384626060519","-3.926368743653069","-2.667274878453804","-1.912034463093031","-1.254933084733071","-0.9083470927364045","-1.098051177428232","-1.278001498160507","-1.244463737676814","-1.286611442707046","-2.079430425522306","-5.927326400501404","-4.565494055557828","-2.538151713104032","-3.641568783118137","-3.103625142277499","-3.311128677802427","-3.298904281060965","-3.202829278836727","-3.039927743830825","-2.789958033914865","-2.667639356548783","-2.554286347694091"
"IMF.FAD:FM(5.0.0)","GX234.GPB_S13_POGDP_PT.A","OBS_VALUE","Low-Income Developing Others","Primary net lending (+) / net borrowing (-), General government, Percent of GDP","Annual","Units","","","","","","","","","","","","-13.1552385863513","-20.56955494223498","","","","","","-1.525816651098893","-1.740453781187025","-1.753085359715138","-1.773714584664368","-1.343533555734039","-2.042398513486707","-0.4888618837700274","-0.6898367476274614","-1.406815398536071","0.7722950844033116","-0.1983580951563244","2.028839329940046","-1.001742752618938","1.049252726394646","1.051952430316009","0.3783258701639218","-0.8713967445177027","-0.7958215707303989","-1.558253101309694","-1.004714655792958","-1.497253844987938","-1.745450852656059","-2.40150373898491","-3.161057342963215","-1.719924291894732","-2.207187150095094","-2.682068524063748","-1.039177382405343","-0.8236242378513623","-0.8327265080953083","-1.103305048463907","-1.553136648018653","-1.488478133629812","-1.373047135760415","-1.248616892586074"
"IMF.FAD:FM(5.0.0)","GX229.G2M_S13_POGDP_PT.A","OBS_VALUE","Low-Income Developing Countries","Expenditure, General government, Percent of GDP","Annual","Units","","","","","","","","","","","","14.56359368688209","14.08383093492126","15.52316389438343","17.98976231366608","14.18838367854685","12.30542097496287","10.78220175239752","11.73472037133241","12.74410812129961","14.60587407178829","15.35805170756473","17.09860479636139","14.75831566697793","15.67124320816998","14.81118677690753","14.79707056704944","13.36494904354619","15.2595470353441","14.53533543255656","15.31513785744478","15.61436903622441","15.94836433646633","15.81906031775035","15.93189288841673","15.66532007617183","14.9862045129334","14.87375982308583","15.62872436077788","15.86384480490837","15.99955942136295","16.72520579589649","16.67942281161136","17.39496775027448","17.2637820021211","17.96650850990584","18.15428461572221","18.98107045978118","18.89571558538876","19.04707902375249","19.35506478148384","19.52595772136045","19.6098096991731"
"IMF.FAD:FM(5.0.0)","GX161.G2M_S13_POGDP_PT.A","OBS_VALUE","Oil Producers","Expenditure, General government, Percent of GDP","Annual","Units","","","","","","","","","","","","32.52830133502115","37.29376521123325","43.30727546168426","42.73992146377437","39.96060805430803","36.04451254612848","33.06662109259994","32.16878030931415","32.86523926761746","32.55855150601752","30.11640266706229","32.03391357328929","33.79067518177616","33.36023237733027","32.01059152567637","30.62056086092279","30.04928578281128","30.80705235103293","31.41787158894318","35.81466552474166","33.62470975446735","32.60287156268523","32.86747079559751","33.01773414812149","32.8721467588157","33.01704495420914","33.38968840496701","32.43566127529929","32.11771988479263","32.57274735223872","38.6691581337437","33.60541284038533","30.91530633882957","33.08746705433101","34.75379683690062","35.53637234065506","35.54025780857905","34.83267605716006","34.52908456642953","34.16219178961107","34.02404333796904","33.95680636542658"
"IMF.FAD:FM(5.0.0)","G110.G63G_S13_POGDP_PT.A","OBS_VALUE","Advanced Economies","Gross debt, General government, Percent of GDP","Annual","Units","","","","","","","","","","","","","52.74988605106788","56.77061498962587","61.71762961482002","66.2662613066383","69.07832725785447","70.68340091637907","70.66161216274937","72.76510047465882","75.65312742457171","76.17899510631597","67.36730570138803","68.48086723418002","70.61676411834008","73.92182966625133","73.4869372814183","70.91862488124365","68.75813654561531","74.75934635856406","87.80254615602597","93.84983720849706","97.56240489891437","101.7696834652195","101.0030137900841","100.6953491168429","100.5819193479191","102.4587522033471","100.4361573488752","99.97923836678196","100.923402820571","119.2789035043717","112.9358427607626","107.8441306338355","107.0418041473047","107.5550324326123","108.0466026916612","108.2969565797119","109.4054349804784","111.011598918677","112.5047656550697","113.9695492876655","115.4338534242686"
"IMF.FAD:FM(5.0.0)","GX149.GPB_S13_POGDP_PT.A","OBS_VALUE","Emerging G20","Primary net lending (+) / net borrowing (-), General government, Percent of GDP","Annual","Units","","","","","","","","","","","","","","","-1.113591896101686","-1.477657402449044","","","-0.6802088647430967","-1.95550616195988","-1.618203679341478","0.2015183376089272","0.04958341726550011","-0.4687719259750481","0.07154245674417975","1.482546290961823","2.541586630858657","2.628833288312597","2.278240140434306","2.480126849759438","-1.913247846452509","-0.4884288849063352","0.7765286713735034","0.4608956512235833","-0.2092158056332869","-0.777823524002195","-2.3868988149223","-2.758781355434318","-2.146243911256707","-2.151274505029667","-3.267848138307413","-7.452731142210427","-3.52853711945967","-4.009841584094332","-4.002060106083261","-4.087925502056806","-4.462984384296768","-4.282012895735486","-4.276322176487439","-4.087297093337244","-3.841834863600208","-3.747182624644066","-3.726823194588617"
"IMF.FAD:FM(5.0.0)","GX149.G63N_S13_POGDP_PT.A","OBS_VALUE","Emerging G20","Net debt, General government, Percent of GDP","Annual","Units","","","","","","","","","","","","","","","","","","","","46.26954608590728","51.56785808132704","43.0061560494287","48.51370462267132","51.27785407776448","47.42828420978044","42.5111440814093","36.38047191501057","32.73222589204124","29.60626053679201","24.80134686316779","27.89416187574741","27.02842284314862","24.44089860262095","21.53988609241602","21.32700342206147","22.77502802930499","25.61959437423237","31.45700726422687","34.37830286907115","35.12514818361334","36.64952872345933","43.57196822375217","42.16556783850391","39.64724052202726","41.00570493513688","42.30085966367768","44.25612161727835","47.80390576441262","49.34272478340245","50.33635038076774","51.28812954635935","51.98850210711703","52.30738751807939"
"IMF.FAD:FM(5.0.0)","GX149.CAPB_S13_POPGDP_PT.A","OBS_VALUE","Emerging G20","Cyclically adjusted primary balance, General government, Percent of potential GDP","Annual","Units","","","","","","","","","","","","","","","0.616264296562385","0.1591355211596443","-0.3658123519203267","-1.295079979657704","-1.026354365916666","-1.781875235412106","-1.712877591286521","-0.2331401213311195","0.3721584259838081","0.1243829838346315","0.5147193863249049","1.533047762216921","2.160450974100682","1.916480041323374","1.550394478272244","1.015521903120084","-1.304429700992867","-0.7367823699673618","0.0699057232233318","-0.06613988788947436","-0.4585156637939777","-0.4660309519934737","-1.683507327715081","-2.108546954385426","-1.780586607322448","-1.967756454025152","-2.932932200611645","-5.529396060716976","-3.16025172037983","-3.676150157068912","-3.728945995087682","-3.900103231833846","-4.375007849925044","-4.537424363303933","-4.576383360600972","-4.434793478991863","-4.216726430587025","-4.120995676663304","-4.088922997317892"
"IMF.FAD:FM(5.0.0)","G120.G63N_S13_POGDP_PT.A","OBS_VALUE","G20","Net debt, General government, Percent of GDP","Annual","Units","21.99876007534083","24.0481380170722","25.96736394552254","29.12376359813064","28.18174274175533","30.36730652717164","33.15446621950831","35.1401689116709","32.99506832379585","38.42967059947006","34.59342268511771","34.85622489136751","35.00436100530419","38.14547647233181","40.30260538184425","45.16945913437376","45.57099077530275","49.82522545775008","51.40784990986999","53.84612973443943","56.63543739479747","55.09885006012548","47.19998428919462","49.75145709809482","52.23364991162747","56.45448252532079","54.7509707973387","52.45102667234448","51.06841064128278","54.8947606499656","65.29363649945531","68.92190691969202","72.30783464139802","72.24824160166134","71.0606631627256","71.1512462124951","72.40184116316957","74.60527132492651","72.77311548432705","73.07718225112055","74.24347816276442","86.85440111189627","84.27426137515321","80.55511792683749","80.94039504138233","81.53993148624464","82.49793208446023","83.23177376904985","84.7160076249118","86.61122896623144","88.42383144819139","90.21267361812931","91.89522125263187"
"IMF.FAD:FM(5.0.0)","G119.GPB_S13_POGDP_PT.A","OBS_VALUE","G7","Primary net lending (+) / net borrowing (-), General government, Percent of GDP","Annual","Units","","","","","","","","","","","","","0.2949497839092908","-0.2082870376438149","-1.603100245835486","-1.787901389302454","-2.903872948435486","-1.33913090953121","","","","","0.2916273092346643","-1.957077056237132","-2.644427945115528","-1.976860278771632","-1.299998237255428","-0.3185648940927117","-0.2234833226286318","-2.493848409886377","-7.895130697692641","-6.78266066660701","-5.199036414453402","-4.385879187930232","-2.493649355751737","-1.78020204299924","-1.314040516112009","-1.576841733885333","-1.631186118050756","-1.571377858876595","-2.05508017203404","-10.107528778405","-7.152484543518243","-1.513343837021132","-3.835117356089749","-3.513044391156733","-2.756016038701218","-3.347755170089247","-2.932324105194974","-2.895152282715748","-2.581156798781971","-2.421204760460495","-2.23149385436709"
"IMF.FAD:FM(5.0.0)","G110.GNLB_S13_POGDP_PT.A","OBS_VALUE","Advanced Economies","Net lending (+) / net borrowing (-), General government, Percent of GDP","Annual","Units","","","","","","","","","","","","","-2.77567637977291","-3.581137657606918","-4.673893967544162","-4.512061363331228","-5.286834507727237","-3.796632794117096","-2.435907513112928","-3.785197110317856","-2.32149966440872","-2.133020497927084","-1.656834009630198","-3.468577317458091","-3.951345589743189","-3.228505234980865","-2.399499246587326","-1.370794203233513","-1.24741265034191","-3.480871485376049","-8.593681124162557","-7.603990227333454","-6.204441010062092","-5.500810828553542","-3.693881691862654","-3.075426155315068","-2.57343760492639","-2.636283687749983","-2.4482526419491","-2.419963720613482","-2.967294642783016","-10.23949953345405","-7.264398632538783","-2.902255433180719","-4.913079298167322","-4.879150748123941","-4.411206640318591","-4.989136468758307","-4.747901667711358","-4.886130037029371","-4.809585158167776","-4.798225901407282","-4.723114223533359"
"IMF.FAD:FM(5.0.0)","G120.GPB_S13_POGDP_PT.A","OBS_VALUE","G20","Primary net lending (+) / net borrowing (-), General government, Percent of GDP","Annual","Units","","","","","","","","","","","","","0.2373840786832712","-0.2915525148218203","-1.558342591937448","-1.741721187309791","-2.321561109508745","-1.002394953930217","","","-0.6925391755623589","-0.5639837806208491","0.2807653908888103","-1.581749003058619","-2.053037999442182","-1.273808405761376","-0.4450249446896571","0.37950807259047","0.4667009506920009","-1.053106087564125","-6.030983661701089","-4.632788385792531","-3.055048134515862","-2.559404603995176","-1.600014619336797","-1.378085026861035","-1.671217831797343","-1.918264310075074","-1.713942432124498","-1.665895255409027","-2.490043821130698","-8.883682307128","-5.540156738710045","-2.505343123714932","-3.763656861251495","-3.628597712790504","-3.357558682912372","-3.634655264234302","-3.396038533085729","-3.297326556436253","-3.020781443713543","-2.894079201807359","-2.788885586042358"
"IMF.FAD:FM(5.0.0)","G001.CAB_S13_POPGDP_PT.A","OBS_VALUE","World","Cyclically adjusted balance, General government, Percent of potential GDP","Annual","Units","","","","","","","","","","-4.302763621716797","-4.74769977195194","-5.027479947168492","-4.972079806169291","-5.044865458271583","-4.536673300301738","-3.842631949615324","-4.510411805893862","-3.156341019856265","-2.242972536651624","-2.541202204229073","-2.518276776996987","-2.848492157420962","-2.423104917449564","-3.407376021318525","-3.599531882622664","-3.190039072180529","-2.363651269048229","-1.959720956657574","-2.228799803701711","-3.436134848853125","-5.302098812059035","-5.692402437224432","-4.541101286648466","-3.697512176999791","-2.923200799862207","-2.583602340731487","-2.729243196498051","-2.900492957011275","-2.880750549069181","-2.957560360631478","-3.696238085770031","-7.40248139803793","-6.120348386948853","-4.397819909777632","-5.620306627130737","-5.210637111716268","-5.488809711581249","-5.660748264797903","-5.643204695753622","-5.611226564652126","-5.493094763430326","-5.45841495240708","-5.400299212024967"
"IMF.FAD:FM(5.0.0)","GX148.G1_S13_POGDP_PT.A","OBS_VALUE","Advanced G20","Revenue, General government, Percent of GDP","Annual","Units","","","","","","","","","","","","","37.82159394445911","38.24523714216201","37.28058744320762","36.83286021116769","36.19169646316946","36.60687405974458","","","","","34.56696127730718","33.2314880952524","33.34667715516653","33.67447995744032","34.39113428740056","35.09856383485046","35.49466707354721","35.08954760705317","33.74461308616073","33.47119200693826","34.06943369270441","34.16381540682341","35.50746690114875","35.62362381591645","35.42133868335205","35.17552505266039","34.99954375220373","35.06815697434662","34.82070654929123","35.28943504941963","36.25231102529354","36.8158274234434","34.64163815281375","34.84948060252432","35.59893387941566","35.4322279245619","35.53235923055202","35.44812622293528","35.45748706284874","35.61353085003712","35.67881287719792"
"IMF.FAD:FM(5.0.0)","GX149.G2M_S13_POGDP_PT.A","OBS_VALUE","Emerging G20","Expenditure, General government, Percent of GDP","Annual","Units","","","","","","","","","","","","","","","19.24633231251378","19.24742651681709","","","18.69918679220678","20.97442094706639","20.85907189676803","22.48924940617511","25.49471428856495","25.94516547981641","25.84134843078893","24.87673863688143","25.27384520899508","25.53970459164653","25.86828144160026","27.81093447230474","29.91877552702886","29.01115637749035","29.45159417352222","30.08084810386703","30.346832390012","30.61765031140835","32.05807427612073","32.15400221893509","31.80816403436429","31.93478970004267","32.50278758107927","34.75081344894213","31.6019639861192","32.00586991537915","32.48780022385675","32.6463806071069","32.68294448920938","32.68748784098405","32.68006385803658","32.4685579136415","32.28536697320865","32.23515402566547","32.20557505079157"
"IMF.FAD:FM(5.0.0)","G120.G63G_S13_POGDP_PT.A","OBS_VALUE","G20","Gross debt, General government, Percent of GDP","Annual","Units","","","","","","","","","","","","","","","","","66.42733973546472","67.06830972245503","67.18932143439327","","","73.08763637710964","65.8553436732306","67.64701386565509","69.58785983646455","72.53354897317018","70.9771595304189","67.65733747281168","65.28638727287193","68.61809090169584","80.0119660412766","82.24213683310109","83.05171332795235","84.63577680989437","83.30499318752459","83.58344019411229","84.63897811625407","88.64018559007823","87.57976598727409","87.96592318893603","89.87810674987387","106.8235221616865","101.2720032559256","97.86663280360584","99.71814650217851","101.0573378737896","103.4679888878286","104.6753876055795","106.9540110267623","109.0938345140215","110.9364459863721","112.6735503051295","114.2102870435538"
"IMF.FAD:FM(5.0.0)","G120.G2M_S13_POGDP_PT.A","OBS_VALUE","G20","Expenditure, General government, Percent of GDP","Annual","Units","","","","","","","","","","","","","38.51797473918924","39.37767614669586","38.33303412564123","38.07757346206739","38.37999746393311","37.14827798491049","","","36.47890613614734","35.46637509912391","34.61593052453388","35.26830175394921","35.78312905110646","35.18313354259226","35.00452297043801","34.57956903320286","34.64752788419188","36.2228736103472","39.50237828157834","37.87465121392722","37.20075694638679","36.77249315472831","36.29874681003424","36.0152278440621","36.04885688958268","36.10482512970843","35.75375149403439","35.80731757987343","36.23511243664465","42.14657371978478","39.60290646141586","37.07702911335844","37.3690666057954","37.53576477520502","37.64072099683171","37.83975122210773","37.68201104918982","37.61551846393908","37.44440320954863","37.4533849039253","37.37041408031744"
"IMF.FAD:FM(5.0.0)","G119.CAPB_S13_POPGDP_PT.A","OBS_VALUE","G7","Cyclically adjusted primary balance, General government, Percent of potential GDP","Annual","Units","","","-0.7038315656545803","-0.8871121971556603","","","","","","-1.294298724109894","-0.8704850949427811","-1.593670246993546","-1.708109525489331","-1.451395895077045","-1.13129620737975","-1.357983714188774","-2.354302176094802","-0.6948038692874678","0.3585161484610622","0.1004755960763091","-0.3117496096090313","-1.341779708795082","-0.2543301197967336","-1.804268269028285","-2.376620570558368","-2.189223825103856","-1.53914198304937","-1.015417738469106","-1.269175829679255","-2.649953518953777","-4.574654929544678","-5.903648714648658","-4.432424509455117","-3.313152133686222","-2.011278695144453","-1.30788506556075","-0.9431246349690732","-1.217425428174803","-1.442287299452144","-1.444254132327042","-2.0884314942982","-7.204832600743337","-6.384524149407478","-2.114201135732755","-4.45012344199233","-3.165014747356105","-3.196801289161769","-3.045038080363883","-2.954703398005293","-2.853491070115501","-2.57046025886151","-2.418045292796572","-2.231380626096686"
"IMF.FAD:FM(5.0.0)","GX905.GPB_S13_POGDP_PT.A","OBS_VALUE","Emerging and Middle-Income Europe","Primary net lending (+) / net borrowing (-), General government, Percent of GDP","Annual","Units","","","","","","","","","","","","","","","","","","","","-1.576199988859019","1.669517953578637","3.362200155153973","2.705798706196122","0.7237689787067036","1.244609142700029","2.500472797542624","3.929900424811504","4.176332143924618","2.935878901133136","1.976395198047718","-4.093066520726641","-2.173226338549977","1.029519364766672","0.4451077203574282","-0.2589706834934444","-0.2542519168690855","-1.321169970537528","-1.491160347294127","-0.7003716616746656","1.442998377229202","0.4115148529883349","-4.412250999708574","-0.6489799927517115","-1.31249988425605","-2.786530098854803","-2.759383962835523","-3.027526557868479","-2.348414733974373","-2.3896150595323","-1.883774484575713","-1.202289489124062","-1.092405692414066","-1.037978751196436"
"IMF.FAD:FM(5.0.0)","G001.G63N_S13_POGDP_PT.A","OBS_VALUE","World","Net debt, General government, Percent of GDP","Annual","Units","","","","","27.96055108306736","30.99063144585086","32.87523196470378","34.68755244062908","32.65625806255335","37.6582905397123","34.26000873033534","34.01619388774704","34.33766974815983","36.97060620084306","39.01811343869725","43.95832708076491","44.8587013136405","48.19431137775648","48.69602138352147","51.34066590822021","52.3123059216581","50.17654259107842","45.30433668511437","47.572644993264","49.39012018462693","52.42949858432321","50.29347680414346","47.47503361469683","45.29525668619961","47.72703555050996","57.21156830490466","60.5951911646655","63.38609977073968","64.26953365753561","63.30318331491036","63.43433255495648","65.04551427507434","67.42351362249252","65.66613524243844","65.72318309662725","66.69310071387494","78.06010249979174","75.45789020609154","72.10089028848432","72.3539856676756","72.70950837219053","73.21363224822713","73.65877645697885","74.91149978509512","76.45700783282043","77.9204934411421","79.33643998046182","80.64020265698666"
"IMF.FAD:FM(5.0.0)","GX235.GPB_S13_POGDP_PT.A","OBS_VALUE","Low-Income Oil Producers","Primary net lending (+) / net borrowing (-), General government, Percent of GDP","Annual","Units","","","","","","","","","","","","3.871206627630547","2.662922411816315","5.271864148523307","-1.706431256525063","-0.156167208669245","4.246533509621076","4.585167076711689","2.353477370424608","-2.118886679824181","2.216747940076939","5.624754550109266","0.6378384280016666","2.085896979205419","1.29309812089195","4.719300178678685","4.968033017017155","6.938101696247747","-0.05607812145888838","4.935718627101245","-3.269988098108986","-2.102288875501482","1.277021253377104","0.7045795818834459","-1.245504162817411","-1.336219756594245","-2.218198688222205","-2.67093626355282","-2.901724789824139","-1.609360153441583","-1.871751839661219","-2.281914074026106","-2.066726978655423","-2.016612993046545","-0.2914059239803173","1.14905864688694","0.5997210607675584","-1.673651799938695","-0.830873728096462","-0.4089576021102534","-0.05750252091555951","-0.1080172893056429","-0.2184050174637393"
"IMF.FAD:FM(5.0.0)","GX230.G63G_S13_POGDP_PT.A","OBS_VALUE","Low-Income Developing Asia","Gross debt, General government, Percent of GDP","Annual","Units","","","","","","","","","","","","","","","","","","","","","","","","","49.10891647039165","47.48426271003231","45.27450405746443","42.57683311667599","39.43505714770501","36.77025856194065","36.33586868327806","33.63104990546067","32.90584609637326","32.94876760176425","32.28894624536214","30.32822770576651","30.25102230267839","29.94151274398489","31.22228016619248","32.21792538163314","33.8867090768108","38.59438338348951","40.80453291449079","41.72904342587183","43.18097843643364","43.55783584197889","44.16022919010148","43.27816790121577","42.55458780967873","43.64003278573429","45.86692380009259","47.52860367234005","48.96110305123507"
"IMF.FAD:FM(5.0.0)","G110.GPB_S13_POGDP_PT.A","OBS_VALUE","Advanced Economies","Primary net lending (+) / net borrowing (-), General government, Percent of GDP","Annual","Units","","","","","","","","","","","","","0.1319140884354378","-0.5212265190580281","-1.788319546093876","-1.750443067137669","-2.418382997502201","-0.7682953473340312","0.3614413199589821","-1.020194337373982","0.07127204971419714","","0.5908616434697881","-1.398060988201627","-2.042240322944772","-1.415666918948893","-0.6537428130234125","0.2868059083282303","0.4390896112246599","-1.806640300998777","-6.969353999707555","-5.949963702236858","-4.407544807123127","-3.724836479477112","-2.092871004701606","-1.474733349496247","-1.084455897274891","-1.129729022986074","-1.003198333278802","-0.9346688584243267","-1.543597847402643","-9.001667588184638","-5.94505628519197","-1.116334489819348","-3.070405671862335","-2.862647362589266","-2.322684884697387","-2.807828229440826","-2.443875246786132","-2.374853510711939","-2.102612199840312","-1.970086676938693","-1.827822217327123"
"IMF.FAD:FM(5.0.0)","GX148.GPB_S13_POGDP_PT.A","OBS_VALUE","Advanced G20","Primary net lending (+) / net borrowing (-), General government, Percent of GDP","Annual","Units","","","","","","","","","","","","","0.2548292812620455","-0.2913947625812641","-1.639006713439599","-1.787686712404832","-2.607059153321744","-1.091944719799177","","","","","0.3264790117284214","-1.796950231557755","-2.474936922992688","-1.864112709474161","-1.174257772810904","-0.2438010017010726","-0.1109357514443439","-2.342454038663001","-7.579214763072118","-6.458472883587273","-4.94105349401871","-4.129128939122344","-2.370172071476979","-1.714383147909553","-1.271174497478751","-1.458503397417327","-1.461215846762276","-1.377999660415547","-2.025645957705719","-9.723778021848211","-6.81683589848622","-1.519596456286894","-3.612517623101595","-3.338315369106795","-2.658692617265956","-3.205912134795246","-2.800112181180047","-2.751796206031655","-2.441375595116183","-2.279337731669405","-2.098209583038026"
"IMF.FAD:FM(5.0.0)","GX206.GPB_S13_POGDP_PT.A","OBS_VALUE","Emerging and Middle-Income Latin America","Primary net lending (+) / net borrowing (-), General government, Percent of GDP","Annual","Units","","","","","","","","","","","","","","","1.092113074627797","-0.05463530011229329","","","","","-0.6433663534059388","0.9743904019960785","1.125001406148083","1.463684573508284","1.893534011211005","2.74121612338198","2.95107986670907","1.962625956465315","2.285884261871918","2.268820693208643","-0.679924356936037","0.1283166160061415","0.770736658640852","0.3121351962014137","-0.2459502939152482","-1.595188518536206","-1.717985473255029","-1.859523950078928","-1.250647002523253","-1.111145686746799","-0.03808482675670014","-4.780053693884725","-0.4591279209007272","0.2782349854975873","-0.815152170456215","-0.3251423379931779","-0.2090893831543","0.004712641845380286","0.5332925630802037","0.9231648627659667","1.1419221385767","1.335272369672313","1.390696890536085"
"IMF.FAD:FM(5.0.0)","GX502.GNLB_S13_POGDP_PT.A","OBS_VALUE","Emerging and Middle-Income Asia","Net lending (+) / net borrowing (-), General government, Percent of GDP","Annual","Units","","","","","","","","","","-3.382133740392204","-3.346549243183065","-3.489868113311168","-3.0644167026663","-3.135780693718008","-2.350739260654178","-2.651090952147698","-1.431542254024697","-1.18242828997882","-2.125787487945371","-3.447798872164075","-4.065354061558193","-4.002053482519157","-4.326175195018258","-4.556178806174674","-4.005513546703641","-2.934228180103553","-2.191129990168524","-1.616622583836194","-0.9286006972961558","-1.394638739902195","-3.217107284241154","-2.067555463664402","-1.50000507095873","-1.571534680234051","-1.77676909022644","-1.684768563539272","-3.106549339994453","-3.695317573735883","-3.568606193964169","-4.123186998389468","-5.623764398645803","-9.525148937346763","-6.288017085255935","-7.037420429903121","-6.395952548350022","-6.718303439628201","-7.12425203096967","-7.346893978289503","-7.49112581483259","-7.303610203888412","-7.145419410479215","-7.078187760100469","-7.074286903216122"
"IMF.FAD:FM(5.0.0)","GX229.GPB_S13_POGDP_PT.A","OBS_VALUE","Low-Income Developing Countries","Primary net lending (+) / net borrowing (-), General government, Percent of GDP","Annual","Units","","","","","","","","","","","","0.9373415908221007","0.3555677432721623","0.7268850927656147","","-0.1147561999709509","2.425022824220567","2.302231322140551","1.06226131010722","-1.361222037093682","-0.06103660182060808","1.082945075078571","-0.5359014503373139","0.05792874780476712","0.1400091797819637","1.34351180955218","1.471820413639812","3.553098811887847","-0.09846629816612034","1.796788021383581","-2.179580880315018","-1.517753917363367","-0.1998108431772199","-0.4655741033896252","-1.551907197660279","-1.457772500888586","-2.110489985927357","-2.057927057553015","-2.28914729564254","-1.801743508198017","-2.176609259075908","-3.275353073120623","-2.340198822497951","-2.352605131983458","-1.718697457406194","-0.8517006074741942","-0.5360967347874339","-1.036952120877626","-0.9260295506150507","-0.8455675844168526","-0.8407575116108078","-0.8112513798923791","-0.8141816763920966"
"IMF.FAD:FM(5.0.0)","G001.G63G_S13_POGDP_PT.A","OBS_VALUE","World","Gross debt, General government, Percent of GDP","Annual","Units","","","","","","","","","","","","","","","","","65.81517604898815","64.76575650728239","63.70609771701069","66.43716042015897","68.46952738918096","67.16445518103989","63.0692204269837","64.7920610403467","66.06845872602889","67.80426231011439","65.69343243003409","61.91332286670936","59.15605802776575","61.68377946958106","72.06306009499197","74.02956476693069","74.86219430978471","76.6754247441698","75.91326173194558","76.33550877977345","77.80935389982282","81.45891162852588","80.45723449476257","80.62939247138411","82.16579202806076","97.47860838141998","92.73350154499884","89.22574402706415","90.85269540775037","91.95943164392627","93.75782531091684","94.6502259384384","96.26357845408463","97.85873748370348","99.21466421270656","100.4631830513527","101.5512298642693"
"IMF.FAD:FM(5.0.0)","GX502.CAPB_S13_POPGDP_PT.A","OBS_VALUE","Emerging and Middle-Income Asia","Cyclically adjusted primary balance, General government, Percent of potential GDP","Annual","Units","","","","","","","","","","","","0.619757259782335","1.187373114462783","1.324924284589072","1.27852120436736","1.576132193556093","0.4014762445905944","-0.6730627769831943","-0.7605027324146238","-1.516070143617276","-2.23672868630893","-2.115129383269517","-2.139901852158041","-2.350318814787272","-1.868060494394919","-0.6368215557389614","-0.00632275241405171","0.2282376805680902","0.4033317721327004","-0.2315793834231342","-1.844351715426199","-1.024420538022416","-0.4108476544493303","-0.1891177997112101","-0.2109135498058625","-0.02369990122666739","-1.602990726449595","-2.197255505971479","-2.036036299224657","-2.717601869803859","-3.938553038528065","-6.000483604505073","-4.262503322476813","-4.817655978687915","-4.278220703818659","-4.732224630198205","-5.445256063446568","-5.943243108050514","-6.00576567277546","-5.83154472744036","-5.642607991141019","-5.503244736743609","-5.42665379526744"
"IMF.FAD:FM(5.0.0)","GX234.GNLB_S13_POGDP_PT.A","OBS_VALUE","Low-Income Developing Others","Net lending (+) / net borrowing (-), General government, Percent of GDP","Annual","Units","","","","","","","","","","","","-13.35048995724809","-21.24113812343821","-5.502581741287163","-9.533122056400588","-3.691637274364315","-2.995711100492475","-2.491579365847736","-2.183723914551749","-2.54619373382013","-2.555199159459975","-2.696534120420688","-2.06118604425109","-2.604342669442505","-1.518323316003174","-1.519798267385328","-2.149100452437286","0.1076301417112243","-0.7331443102458066","1.484543823950541","-1.554861788613219","0.5330854282606375","0.5347025025767467","-0.02683833275698071","-1.092081715320936","-1.079925824727363","-1.821418192862772","-1.197827583544735","-1.711103015679357","-1.904306327859248","-2.8667571527115","-3.562794750687059","-2.058034777530594","-2.609046973020018","-3.2233712563973","-1.706789661745827","-1.556904235850305","-1.696817910310151","-2.007535351045976","-2.402527688618173","-2.304890799251508","-2.16479277770563","-2.107412422447411"
"IMF.FAD:FM(5.0.0)","G110.CAPB_S13_POPGDP_PT.A","OBS_VALUE","Advanced Economies","Cyclically adjusted primary balance, General government, Percent of potential GDP","Annual","Units","","","-1.249526163722812","","","","","","-0.1023162603014608","-1.002292569341857","-0.8189636830724733","-1.432307532879012","-1.690250132791963","-1.614631165771112","-1.500163107905909","-1.438837716504942","-1.991490342629056","-0.2720816315554416","0.6452866826956286","0.4347732122411216","0.1549919538348933","-0.5722685588275208","-0.03246686218649865","-1.384516364603287","-1.886558738840934","-1.751962034869187","-1.073065958102286","-0.6620436183322083","-0.9385477356500343","-2.504122234921662","-4.39610493155303","-5.26606060736274","-3.934993842243923","-2.805014235570537","-1.669254444574587","-1.068483986179777","-0.7765026257285428","-0.8885977565972289","-1.001489692424321","-1.044267102693421","-1.795255323040288","-6.404705592055619","-5.478047162433742","-2.029439561183419","-3.799617192883795","-2.766808196980586","-2.85266446871138","-2.771056160832712","-2.641722770631049","-2.515329738550852","-2.258062629844828","-2.122329938572565","-1.975464922352044"
"IMF.FAD:FM(5.0.0)","GX502.G1_S13_POGDP_PT.A","OBS_VALUE","Emerging and Middle-Income Asia","Revenue, General government, Percent of GDP","Annual","Units","","","","","","","","","","17.32881962285784","17.33746965530178","18.30106291668765","17.70220232268261","16.52117384415183","15.15415474472551","14.86539799418222","14.61541457418161","14.52614183103991","14.58599139280403","13.96011421667791","14.72375025810304","15.0321639071633","16.20551715588681","16.61614397038534","17.02901906558895","17.43915485820578","17.88478416777828","18.39629769672799","19.18176259343361","21.44063714495978","21.74662966960414","22.17139600201539","23.99334392363183","24.97195402656011","25.04929144929674","25.29062252482291","25.96243415285937","25.65790289247852","25.78234574231191","25.85119156632198","25.15497962136688","23.39918985563844","24.26348030101475","23.73692247445016","24.28071244316664","24.06607124857401","23.39584534824425","22.98970605460319","23.13270911084984","23.2384922579227","23.28858823857132","23.33058958874857","23.31421885323533"
"IMF.FAD:FM(5.0.0)","GX905.G2M_S13_POGDP_PT.A","OBS_VALUE","Emerging and Middle-Income Europe","Expenditure, General government, Percent of GDP","Annual","Units","","","","","","","","","","","","","","","","","","","","40.99067303245356","38.02825683343253","37.11027979510427","38.33072427762079","38.53198031614587","37.35879441308502","34.89519086254992","34.18170459849471","34.14366541974016","34.98866751046104","35.85115403379338","39.40429862235176","37.45519053813391","35.12724172856458","35.61805066133796","35.73068101208755","35.62651361575228","35.71129115319766","36.12082789673573","35.1888328421852","34.5137339016777","35.41284714698521","39.65166280964086","36.01889445884153","35.7407850577729","38.32458790445168","38.8471530026422","39.89618878070258","39.52889701947059","39.3186275376985","38.6755445830519","38.11693662322963","38.00163066382857","37.98891500762086"
"IMF.FAD:FM(5.0.0)","GX232.GPB_S13_POGDP_PT.A","OBS_VALUE","Low-Income Developing Sub-Saharan Africa","Primary net lending (+) / net borrowing (-), General government, Percent of GDP","Annual","Units","","","","","","","","","","","","","0.5230515616610372","1.231850371669114","","-0.3622091067210409","3.036849007265521","3.058375156710615","1.578483838109191","-1.471156986493112","0.3144249860567502","2.305408244100344","0.2116342165380411","0.8328732364151204","0.6019580381544573","2.361844740720021","2.46266193527972","4.929331838275691","-0.08354307011429428","2.427315395045693","-2.476337492200447","-2.042434502262132","0.007204663874895872","-0.3422294270192888","-1.663713830863132","-1.661996722973933","-2.318011835023863","-2.484853082833496","-2.437578981257477","-1.678514213900618","-1.855309496361126","-3.180289337926693","-2.639345930163311","-2.569237443684505","-1.444513128958293","-0.803439858221241","-0.403248217221862","-1.033626047050395","-0.5441501322449399","-0.2351241992132265","-0.1518343579023734","-0.08107796939990713","-0.1083040711551145"
"IMF.FAD:FM(5.0.0)","GX777.G63G_S13_POGDP_PT.A","OBS_VALUE","Emerging and Middle-Income Middle East and North Africa and Pakistan","Gross debt, General government, Percent of GDP","Annual","Units","","","","","","","","","","","","","","","","69.91498920361807","","56.02524327095636","55.0388179917903","60.7527595579056","51.66865231160763","45.48995929199257","49.09028434745756","56.68017327080167","51.39808929165904","52.92530561796964","40.9376610064005","33.11853557580874","28.62756514795308","24.1680260367018","30.02296893471318","26.80463983433202","24.57752184172847","25.38030719651286","25.45090054738236","25.6358397102263","34.48268296734394","42.70749108792018","42.83807834722493","41.6898646946167","46.48821020905608","54.96143790399441","51.33152592717569","44.28301681128518","44.6656700998141","44.56491257590677","48.13099687824898","49.74472992939073","48.67739792992247","49.29970165216085","49.61339892199022","50.2883910614432","50.99672382836075"
"IMF.FAD:FM(5.0.0)","GX230.G1_S13_POGDP_PT.A","OBS_VALUE","Low-Income Developing Asia","Revenue, General government, Percent of GDP","Annual","Units","","5.185035406547636","5.443028648003005","5.235004613521322","7.17823053929434","7.189012860718797","7.161596542299686","7.40307537046646","7.423033254935459","7.467216387725289","7.703039278522826","10.65886418398822","11.0453783372294","10.67636757010918","11.71600274838928","11.62897921763422","11.37931946063847","9.475046319764996","9.694849716992842","9.706914214284676","9.436036331535941","9.933062176312487","9.662259001231387","9.866603499002595","9.813010220495771","9.665332697921443","10.22874073388561","10.71975220717217","10.76503476980193","11.16138686449685","10.7410868687051","11.51257208786942","11.66332107227201","13.46535424922218","14.43617518076789","14.50720211882547","12.48104744768385","12.17067494712545","11.60362280871097","12.29553839366787","11.860802831245","11.39519779141661","12.20856138747526","11.8140947061635","11.44653025504672","12.00283356391383","11.77566723413683","11.46398374029959","11.30069588947583","11.44718533113233","11.67478168335764","11.74442687996009","11.74569444928766"
"IMF.FAD:FM(5.0.0)","GX149.G63G_S13_POGDP_PT.A","OBS_VALUE","Emerging G20","Gross debt, General government, Percent of GDP","Annual","Units","","","","","","","","","","","","","","","","","","","40.34801518306649","49.44930485823397","45.50398720496899","47.44023436458009","48.33552749458084","51.46353090753852","49.54683629531671","45.84904202717782","41.75803876102494","38.1961174370345","37.62548493240033","35.06060448455689","39.93230308310939","38.34616245384269","37.18159445828737","36.83022502621812","38.04438257546493","40.42551537977173","43.39377748486744","49.47195154588646","52.2558225549065","53.95153011868059","57.19416867615138","67.56517925663449","66.79159685196532","67.79055730107226","73.28060372404397","75.55126594413094","79.91456749095935","83.15421265230188","87.07219487887141","89.6401576296156","91.77625652656229","93.6757790848107","95.17538630327524"
"IMF.FAD:FM(5.0.0)","GX206.G2M_S13_POGDP_PT.A","OBS_VALUE","Emerging and Middle-Income Latin America","Expenditure, General government, Percent of GDP","Annual","Units","","","","","","","","","","","","","","","20.01956321217127","21.46827275167377","","","","","22.62738240868863","22.05638841462557","26.98820106424936","27.62081907406908","27.84691904997286","27.23106749684724","28.91589975815471","30.24831096816221","30.31674156226619","32.02731389000543","33.10773499842393","32.67772341617726","33.35759964674791","33.34374821548867","33.41774721382476","34.11582176529636","35.25212181442448","34.81555843255281","34.2571648178084","34.02360662473586","33.05585446725803","35.50467003250725","32.686709148243","33.83854601340185","34.43501474115058","34.30587668120677","34.43690515644763","35.24104988622453","34.31925199926409","33.73729922965579","33.61145659064098","33.52743560570219","33.48615193080773"
"IMF.FAD:FM(5.0.0)","GX777.G63N_S13_POGDP_PT.A","OBS_VALUE","Emerging and Middle-Income Middle East and North Africa and Pakistan","Net debt, General government, Percent of GDP","Annual","Units","","","","","","","","","","","","","50.75952796204523","51.7967258355402","61.46008904283602","71.8149723007876","78.11575672230474","54.14947814278543","51.29786583181829","54.05807651169066","49.12394904172653","41.58844531458674","44.77447985598218","58.34262193121044","51.7767075200514","42.76302000950493","26.89630600716615","19.2754964445167","11.3731186544628","0.5747656557875907","5.639710137046693","5.197640066844362","2.511424783383317","0.3853801041188596","-0.4584769936198284","2.432493379915625","16.48914249274769","29.39714985876585","30.32293082268225","32.15691352833233","36.59985822755015","45.70457362077886","44.977509812531","39.12856284330074","38.08321242750159","38.64919401482511","42.03974618603022","43.22120874891569","44.04228391761376","45.18424131550504","45.97091430998209","46.75588525200803","47.56376557766251"
"IMF.FAD:FM(5.0.0)","GX235.GNLB_S13_POGDP_PT.A","OBS_VALUE","Low-Income Oil Producers","Net lending (+) / net borrowing (-), General government, Percent of GDP","Annual","Units","","","","","","","","","","","","-0.5932648023800747","-1.527274661673516","0.3606352321395546","-6.26424616776778","-3.096127556362677","2.343718695735666","3.379183708630268","1.128494784160839","-3.471617118474461","-1.564558014914425","2.668237227168471","-2.248417546342177","0.6197487229499777","-1.604053064880906","3.666475797768328","3.598478893575425","6.372248194679676","-0.5381724204994178","4.447383038470665","-3.746778055602964","-2.555750792841912","0.6971176513698399","0.04175369491826382","-1.926262645372154","-2.008032376203753","-3.024555916852247","-3.609067874077344","-3.87978309645615","-3.03182520933796","-3.275273858093615","-3.989076033557847","-3.846778591994743","-3.671135943724297","-3.078626693359256","-1.363795671203961","-1.954260468572125","-4.432249907960582","-3.399708526263245","-2.819327505193864","-2.440004250906391","-2.471017251906825","-2.553489380818427"
"IMF.FAD:FM(5.0.0)","GX161.G63G_S13_POGDP_PT.A","OBS_VALUE","Oil Producers","Gross debt, General government, Percent of GDP","Annual","Units","","","","","","","","","","","","","66.90317306523664","70.24832412796194","76.72336884584282","78.33806036121816","72.31216849312809","63.4406326795565","58.48548807626203","69.50881936725753","62.34793493053321","51.80318022787588","51.92628748471369","53.84403074534435","49.87805479345467","46.59785844510154","38.87353799591847","33.71022054428003","29.78379714469764","26.85249373684348","32.94004220724465","32.08567512079912","30.37582592547842","31.19758605573888","31.34401792199635","31.61131910314559","38.22829851996381","42.9160781892485","42.55681328136933","42.53041500568329","43.95856683953436","57.15671427438996","52.80520779967459","45.31907619734206","48.23837259074019","50.75239787303593","53.07004566740317","52.49320458632228","53.46317305749017","54.41672801849847","54.99674797775173","55.55269655240391","56.05663118622825"
"IMF.FAD:FM(5.0.0)","G110.G2M_S13_POGDP_PT.A","OBS_VALUE","Advanced Economies","Expenditure, General government, Percent of GDP","Annual","Units","","","","","","","","","","","","","41.28618917295289","42.45406338239155","42.64852606502559","42.02974289904436","42.37680549259881","41.30465484824728","40.096945048104","41.97281378187683","40.3746497249198","39.58380002459406","36.95472056281805","37.63047879867175","38.36329609907705","37.99707862902552","37.86660633665066","37.49192197412669","37.77315707862473","39.61823704083378","43.35937724344539","42.1319658354133","41.32873671384865","40.70346434620268","40.10474677115287","39.49322966201865","38.56652173164112","38.43528413330275","38.10423741456041","38.15728953368032","38.44532895401469","46.07645135315207","44.01219327186747","40.06104677809146","40.26614349785471","40.46302816629392","40.63366170981204","41.12662944998893","40.92333169959741","40.98961968898316","40.93094107977374","41.04568600690111","41.01922616610868"
"IMF.FAD:FM(5.0.0)","GX905.G1_S13_POGDP_PT.A","OBS_VALUE","Emerging and Middle-Income Europe","Revenue, General government, Percent of GDP","Annual","Units","","","","","","","","","","","","","","","","","","","","34.90247409343209","35.02882324565693","34.0859541621327","35.10882753173946","34.5318541276434","34.35766239002384","34.12302681202082","35.93402710095259","36.48839581512837","36.47625515232831","36.44372950029422","33.91797869235385","33.88947159519261","34.95148485220972","34.87485217728728","34.27617130591004","34.231413168238","33.20432803711411","33.4768339683212","33.46045934152288","34.9371836670054","34.84412437645467","34.29205345397125","34.34945690979742","33.47244848475297","34.25620016375805","34.74274790453306","35.26177078778668","35.18932292839773","34.93911652417914","34.71264041503708","34.75053129530931","34.73902795565603","34.73811870519941"
"IMF.FAD:FM(5.0.0)","GX161.G63N_S13_POGDP_PT.A","OBS_VALUE","Oil Producers","Net debt, General government, Percent of GDP","Annual","Units","11.72653789733194","11.77089789019325","11.13993537068018","15.83214507262008","21.39528902439764","24.6982754660879","29.23524305018429","31.83104748504344","31.19526306321695","30.26994812563532","33.53144309610896","34.14017511557705","40.7574996343283","44.7216656056812","51.0017022828947","55.67480360589404","55.8280522078196","49.85711312503089","46.81036378222068","46.58508401787589","41.1941768429381","32.51540682221398","30.64662392018647","32.91141029508435","27.36512285310197","22.8858484024941","12.69083795983094","5.996896171932912","1.107683911227912","-3.881837849141536","0.1280113310718219","0.8468878035277876","-0.01057988718243296","-2.44139471550233","-5.664521227454263","-7.946407585194938","-4.797730465783899","1.598103949792892","1.867394870197356","2.397999045580761","2.838578084658374","8.997604403984256","8.008487837259917","8.254820590441299","5.435048856819241","1.106864931092968","1.412624555435636","1.104182197298665","2.353467613536484","3.398951564909949","4.469904350681482","5.484574525978923","6.418030069515482"
"IMF.FAD:FM(5.0.0)","G001.G1_S13_POGDP_PT.A","OBS_VALUE","World","Revenue, General government, Percent of GDP","Annual","Units","","","","","","","","","","","","","35.38199200857517","35.9594901736664","34.40473956855905","33.99684848612141","33.71209390260922","33.63232592201826","33.26756245450728","33.2499793253301","33.43700006601492","32.9086485134015","32.52190319237122","31.7818839796746","32.06014499009927","32.41860963734663","33.1276564243472","33.56221105731522","33.62567847107037","33.69865440762668","31.88511110596861","31.60955204945199","32.36540090246833","32.5174563580984","32.96543071345187","32.71441959295422","32.1409853144423","31.94379063407124","31.86782821851014","32.09338651923045","31.736328813611","31.32290153567514","32.08128422425536","32.29567839509175","31.43143621892927","31.61731998292653","31.87143450271681","31.6921677290809","31.6594443350049","31.56369013522462","31.51272665541222","31.51954224273023","31.45283730207033"
"IMF.FAD:FM(5.0.0)","GX502.G63G_S13_POGDP_PT.A","OBS_VALUE","Emerging and Middle-Income Asia","Gross debt, General government, Percent of GDP","Annual","Units","","","","","","","","","","","","","","","","","39.45321326923577","34.44201794656221","36.55644129429293","36.50071179933871","38.52349708278954","42.90953754217183","43.0608356159352","43.91898675714328","44.415641811051","43.30484631411312","41.67259978370857","38.85336712347355","40.33732995268521","36.33719444402102","41.22523035826606","39.8198542510395","39.00971962266603","39.21574706770843","41.00328055980113","43.03005007046801","44.5549711747702","51.24653357485614","54.24117634502726","55.77886513811745","59.33322678917223","70.23892977472108","71.30078754672089","74.74222318578363","79.76256588625943","84.34487061526558","89.87740517654462","94.26034838717364","97.58855965561407","99.95447066555756","101.8360694408603","103.4706792328067","104.7281922219263"
"IMF.FAD:FM(5.0.0)","G001.GPB_S13_POGDP_PT.A","OBS_VALUE","World","Primary net lending (+) / net borrowing (-), General government, Percent of GDP","Annual","Units","","","","","","","","","","","","","","-0.4533885743789351","-1.60362655256066","-1.591810527863904","-1.896981868761428","-0.441984473926259","0.382811955295415","-1.068503903663876","-0.04273863966487024","0.375381105457078","0.5429334252699516","-1.172894932245163","-1.544417963545412","-0.7927288878220561","0.1747864712744814","0.9990156652158732","1.006319307807972","-0.5007448673887741","-5.409286172463597","-4.056143265422865","-2.486683239233471","-2.053495378990759","-1.309451958885392","-1.201852128267367","-1.579468709948662","-1.744773439389395","-1.419490151072259","-1.234131773612608","-1.967312459747219","-8.054825171238141","-4.793490263985253","-1.921973901627374","-3.122980431518736","-3.074937117313437","-2.89932180861911","-3.154808458953141","-2.856893734122133","-2.703067204515833","-2.451167655479284","-2.340857903616025","-2.259048120290797"
"IMF.FAD:FM(5.0.0)","G119.CAB_S13_POPGDP_PT.A","OBS_VALUE","G7","Cyclically adjusted balance, General government, Percent of potential GDP","Annual","Units","","","-1.982338975787865","-2.257820355305545","","","","","","-4.956617982233735","-4.858330648567153","-6.019901186017403","-5.690845169199445","-5.679664840249881","-5.247566299678417","-4.056315224037822","-5.181133826496863","-3.692752322517213","-2.461506910346085","-2.668342548397382","-2.745184351096002","-3.638374078949408","-2.55683634726577","-3.957542796650986","-4.417364917841078","-4.161192864184175","-3.490477119061878","-2.922191940969778","-3.308865593861656","-4.662585468604318","-6.41515070899438","-7.863336629693886","-6.564510317194069","-5.374886582051991","-3.812293207380106","-3.096531927058152","-2.611727380770788","-2.931126302364727","-3.140347586308481","-3.219015522874894","-3.823906580658831","-8.719121144932742","-8.105620220313779","-4.321413567503849","-6.804616420542303","-5.754884313248646","-5.841285995968029","-5.786906095148888","-5.826789187407903","-5.977719948063064","-5.928959881416595","-5.926798384189515","-5.831297187297212"
"IMF.FAD:FM(5.0.0)","GX206.CAPB_S13_POPGDP_PT.A","OBS_VALUE","Emerging and Middle-Income Latin America","Cyclically adjusted primary balance, General government, Percent of potential GDP","Annual","Units","","","","","","","","","","","","","","","","","","","-0.106834587617685","-1.50291914384675","-1.395567764040314","-0.08680047339018699","1.443751483989051","1.912925422952292","2.437479766189376","2.822221268040139","2.895681814310302","1.855350412454148","1.863654149781463","1.825532944576359","0.6333312710607432","0.02758319991110976","0.3132609144923993","0.08513625296183057","-0.7031256244068458","-1.965268626249819","-1.556047735413614","-1.341369843445189","-0.9391022985219388","-0.3781110163991273","0.3958120239235087","-2.901522090526283","-0.2917972194365531","0.04943253118178084","-0.9474117253623637","-0.3129068803767905","-0.08905406028906193","0.05085018928314272","0.5918809325686115","0.9613613393180998","1.158694546964353","1.349180857099816","1.39580831015598"
"IMF.FAD:FM(5.0.0)","GX206.G63N_S13_POGDP_PT.A","OBS_VALUE","Emerging and Middle-Income Latin America","Net debt, General government, Percent of GDP","Annual","Units","","","","","","","","","","","","","","","","","","","","30.25162403829074","31.79688306105647","30.53146949455947","37.96202224528855","42.26920170424965","40.37240523507308","37.41093612302344","35.5665545571916","33.64071436160827","32.11776076199881","30.16684006678893","33.46970584409333","32.39529322579668","30.51626278448841","28.88168981584767","28.9512747998669","31.43437838207496","34.62117472355043","39.99566648094345","42.24508962097702","42.60322732039065","43.84527181788918","51.05281903225525","48.31188482396231","48.4014909529411","49.84082740619428","52.63116120308181","54.30957124841405","58.01421826294608","59.59831779463639","60.72260440397848","61.67343347495278","62.06065713928463","62.17247091897087"
"IMF.FAD:FM(5.0.0)","GX148.G63G_S13_POGDP_PT.A","OBS_VALUE","Advanced G20","Gross debt, General government, Percent of GDP","Annual","Units","","","","","","","","","","","","","51.62352625522773","55.57204150313861","60.05937843437223","65.48339033883219","69.35708180278792","71.46475684433752","","","","","69.3196891903921","70.77619368947278","73.56760380626361","78.24833572082615","78.11151280498879","75.8213173453728","74.10648484323607","80.86389442597224","95.08155367594541","101.5793106286346","105.6302219712472","109.4814979792896","108.3681412200363","107.7627836207541","107.693758073064","110.0651205521682","108.2303999455731","108.1410624000929","109.392463606166","129.8716641599149","123.1550749138532","117.5724630032992","116.4786149969019","117.1764634980701","118.3588014711868","118.9288009426195","120.4134206785048","122.5279699300591","124.4575221604166","126.3632361001878","128.227156653097"
"IMF.FAD:FM(5.0.0)","G120.CAPB_S13_POPGDP_PT.A","OBS_VALUE","G20","Cyclically adjusted primary balance, General government, Percent of potential GDP","Annual","Units","","","","","","","","","","-1.294298724109894","-0.8704850949427811","-1.438962520061321","-1.518818826087421","-1.352591388751706","-0.9648035145756081","-1.252123371387651","-1.969290827467604","-0.5791371637316319","0.2667557285758542","-0.09288850606907639","-0.4092338355467363","-0.8865139149615017","-0.1049796885668187","-1.390251230287568","-1.80181338384954","-1.456502155984063","-0.7290225498285427","-0.3159974433226871","-0.4887492281013389","-1.588988205369255","-3.602159412681164","-4.174859827512247","-2.847675015323672","-2.110699009264968","-1.410183828507453","-0.9876468003706296","-1.185233237921908","-1.460210274860352","-1.462261940097329","-1.51496854422137","-2.369277838353493","-6.459414644575238","-4.976836504319425","-2.700203770579322","-4.015813808399766","-3.352696469601419","-3.562578266447496","-3.555298044901227","-3.518535583157673","-3.404800825129254","-3.157224139156486","-3.034510628965196","-2.925533377348317"
"IMF.FAD:FM(5.0.0)","GX149.G1_S13_POGDP_PT.A","OBS_VALUE","Emerging G20","Revenue, General government, Percent of GDP","Annual","Units","","","","","","","","","","","","","","","16.71741387464549","16.2271133101237","","","15.97433069587173","16.83980328660527","16.79167257070301","19.40100487202514","21.74352516037566","22.04748534043228","22.47252895187511","23.49885830812997","25.21201358057051","25.79055509135101","26.07518279852247","28.36113423798423","26.11622979650047","26.64621864887617","28.39460703689654","28.92458893179419","28.53254506753223","28.18659098251935","27.89931313369332","27.72236047574218","27.81415052432149","27.94470614272161","27.40913717531136","25.50002324694803","26.29392128727735","26.13895199849388","26.43724397323363","26.49977314310383","26.03945349430848","25.97862257980832","25.94225502167534","25.90800352279829","25.90518748481915","25.8926938593494","25.82745834518631"
"IMF.FAD:FM(5.0.0)","G120.CAB_S13_POPGDP_PT.A","OBS_VALUE","G20","Cyclically adjusted balance, General government, Percent of potential GDP","Annual","Units","","","","","","","","","","-4.956617982233735","-4.858330648567153","-5.504491458588662","-5.180749332832168","-5.224333858006056","-4.559601772574492","-3.799607669370596","-4.547196678436704","-3.291140811268832","-2.317638299988832","-2.639416938704496","-2.749338380085306","-3.232753680886724","-2.534823461324046","-3.617142398868343","-3.94838227575517","-3.480837662717832","-2.709667116454927","-2.227235033194061","-2.448987694199956","-3.519105232643627","-5.370636090510497","-6.0255777348008","-4.806172345377804","-3.958638717918338","-3.097627304021105","-2.6874778886696","-2.865335807691246","-3.135283075568343","-3.186908419010745","-3.265583862608933","-4.079697101233371","-8.011006103407684","-6.653743157629832","-4.705260527952446","-6.191716245532769","-5.675487024940035","-5.976301295533301","-6.124878815829385","-6.173657970520937","-6.204592099370236","-6.110111411077836","-6.086133177657837","-6.040188177461717"
"IMF.FAD:FM(5.0.0)","GX161.CAPB_S13_POPGDP_PT.A","OBS_VALUE","Oil Producers","Cyclically adjusted primary balance, General government, Percent of potential GDP","Annual","Units","0.8702024278582742","0.3902757199127085","-2.84005255211268","-3.78465874839907","-4.669623478111696","-5.280766658681427","-5.793255146022168","-3.45036518203994","-2.492803805851769","-2.224789727710952","-2.418604138205234","-2.712685559552304","-3.897049429151746","-4.451220842599442","-4.184224626905876","-3.157333880859637","-1.239391251255711","1.12865613645429","3.128747429747132","2.878232797550683","3.236471501276024","5.396481221629516","3.159586289085409","1.483537440704814","1.85346437484523","2.902161270701216","4.22626193245045","4.32160807385548","2.372887517712328","1.150768355273448","-3.524128955008847","-2.727762227389253","-0.5837354923944354","-1.214396084835391","-1.591324144944858","-1.341863057598886","-3.025302520143524","-3.074763028436173","-1.916043453035524","0.4632261571892997","-0.2861442756797983","-6.759261687152847","-2.050891003518313","-0.899182456531358","-1.956570799974194","-3.33873019864233","-4.317864695491868","-3.372851423097787","-3.175785435556061","-2.905203692505988","-2.268749436222552","-2.143973630418481","-1.939325831387637"
"IMF.FAD:FM(5.0.0)","GX161.GPB_S13_POGDP_PT.A","OBS_VALUE","Oil Producers","Primary net lending (+) / net borrowing (-), General government, Percent of GDP","Annual","Units","","","","","","","","","","","","","-1.54839248472611","-3.557464051054666","-4.004727108348087","-2.557379795600561","0.9738900135034165","3.753383975887118","4.280207992590713","0.4956684226530246","3.787909874329175","8.435097252124305","3.775000094760254","2.509574211592891","3.035019279404667","4.897103493605848","8.013287992678289","8.265975013013791","5.917792774472147","6.603442685004805","-2.960808295267062","-0.3309688647991023","2.64548625270584","2.936774545760842","1.319309850507491","-0.3543534973641764","-3.768447337145641","-4.623799987408562","-2.598446325292507","0.4829918774297824","-0.02725560430223964","-7.172182338793604","-0.6428673776410323","2.931046954975513","0.505717745562116","-0.8493724823072453","-2.394038073076144","-1.99330478395208","-1.212717968711258","-1.096367877438224","-0.7311298115587028","-0.7417754801012992","-0.7637159450966491"
"IMF.FAD:FM(5.0.0)","GX148.CAB_S13_POPGDP_PT.A","OBS_VALUE","Advanced G20","Cyclically adjusted balance, General government, Percent of potential GDP","Annual","Units","","","-1.982338975787865","","","","","","","-4.956617982233735","-4.858330648567153","-6.019901186017403","-5.507897963123933","-5.591103474571016","-5.186179734921624","-4.030614110917023","-4.793870029406232","-3.342560667806531","-2.178000973944442","-2.423488489022318","-2.463204491845481","-3.137613547519934","-2.386485034481468","-3.691341849198563","-4.139693132507706","-3.919239242752183","-3.224903506958807","-2.673071831360228","-2.99228682349135","-4.378400836705828","-6.152267208715847","-7.447990769887319","-6.199296292045965","-5.050087463158718","-3.594021268445663","-2.936194191296343","-2.478878705672622","-2.723587653928716","-2.865874019131326","-2.906759606488954","-3.660363085501295","-8.402117983916101","-7.695584535673501","-4.150100781589835","-6.403219881132464","-5.46184369159866","-5.580575239802664","-5.537559607078291","-5.558656651505213","-5.684702367818617","-5.618563985032936","-5.596044251657233","-5.49178844164429"
"IMF.FAD:FM(5.0.0)","G110.G1_S13_POGDP_PT.A","OBS_VALUE","Advanced Economies","Revenue, General government, Percent of GDP","Annual","Units","","","","","","","","","","","","","38.51051279317998","38.87292572478465","37.97463209748144","37.51768153571314","37.0899709848716","37.50802205413019","37.66103753499107","38.18761667155898","38.05315006051109","37.4480907147776","35.29648840197086","34.16052014320975","34.41044711816398","34.76691349285859","35.46536977206675","36.11920555850081","36.52365254454358","36.13538993747065","34.76415909671507","34.52615746208823","35.12429570378658","35.20265351764915","36.41086507929022","36.41780350670359","35.99308412671471","35.79900044555274","35.65598477261126","35.73732581306685","35.47803431123171","35.83695181969804","36.74779463932871","37.1587913449107","35.35306419968733","35.58387741817002","36.22245506949348","36.13749298123061","36.17543003188608","36.10348965195379","36.12135592160598","36.24746010549384","36.29611194257534"
"IMF.FAD:FM(5.0.0)","GX206.G63G_S13_POGDP_PT.A","OBS_VALUE","Emerging and Middle-Income Latin America","Gross debt, General government, Percent of GDP","Annual","Units","","","","","","","","","","","","","","","","","","","","","37.5052458273287","44.43819228382941","46.36119757166051","56.71211547141538","57.29833706099307","53.43761201696824","49.36250275047497","46.727109958539","45.53361047535127","45.52716418591025","48.57066145021907","47.58116709260318","47.67333275007483","47.78080788763787","48.95735312661335","50.92917810309021","56.86748679946756","60.5187638203906","62.78313258888148","66.45501649049973","67.41648517199106","76.46378475144824","70.71407275038414","68.1750244989064","73.8493229377067","70.45626150022986","74.11676996576406","73.60568218906562","74.36145707450443","74.46666879591971","74.65912895897094","74.57913277266709","74.36711787879668"
"IMF.FAD:FM(5.0.0)","GX905.G63G_S13_POGDP_PT.A","OBS_VALUE","Emerging and Middle-Income Europe","Gross debt, General government, Percent of GDP","Annual","Units","","","","","","","","","","","","","","","","","","","48.46643527522981","89.96207477389697","","50.60029013544702","50.11890092545672","46.75112655607169","42.50952364099435","36.29936845747179","31.17777068236704","25.87423869110182","22.35781151316165","22.51947001682976","27.66594632358588","27.29898310559759","25.94016554698946","24.79821647800406","25.7054735176013","27.93586242874025","30.0846339173459","30.92747516031658","29.09747809467438","28.71381312497535","28.20864138405846","36.69374654971415","34.22025965116527","30.12848924149728","31.85142068958455","32.10406509796268","33.93250721759734","35.8463613203419","39.15402326643473","41.09383054524541","42.64766834950023","44.1179649657129","45.12761897186858"
"IMF.FAD:FM(5.0.0)","GX232.G63G_S13_POGDP_PT.A","OBS_VALUE","Low-Income Developing Sub-Saharan Africa","Gross debt, General government, Percent of GDP","Annual","Units","","","","","","","","","","","","","","","","","33.08662371036512","25.36047587731553","27.6785176358863","26.92538809812599","55.11126388031757","69.65497403359961","62.83681863703013","54.41940551037877","51.40410545506435","46.53558771843428","34.59100343028109","23.32946532384873","20.51462464552493","19.19309112008881","19.85937974608782","18.05177886526452","19.99170434965349","19.67503182562506","21.29155515806485","24.30648627981627","27.51535339204493","31.67424736910424","34.34092757790935","35.80167878042401","37.35806942033051","43.61061471317628","45.05841471170125","46.88885513194924","51.37524890524987","53.66596065267871","51.14041056054742","50.33436124521861","50.05502198348798","49.15908630087124","48.18107436898043","47.17115105994051","46.0638244781111"
"IMF.FAD:FM(5.0.0)","G001.GNLB_S13_POGDP_PT.A","OBS_VALUE","World","Net lending (+) / net borrowing (-), General government, Percent of GDP","Annual","Units","","","","","","","","","","","","","-2.659723323983831","-3.385345102795703","-4.314284665087299","-4.203882216060493","-4.614506294297076","-3.249818679325444","-2.279609910613975","-3.759057241627567","-2.482108584930113","-1.896568195072553","-1.907348947580262","-3.437911277327147","-3.678670402648284","-2.753771200981576","-1.696362499033753","-0.7587124493487458","-0.7072576392763542","-2.175623453304165","-7.054174292082263","-5.729050623232073","-4.241881932778183","-3.736668783388735","-2.879180267881495","-2.773355964119257","-3.121042092617886","-3.279930126437225","-2.966841286238709","-2.821384740021018","-3.522197316187532","-9.518245987076728","-6.307745606761376","-3.700864380714209","-5.025636632843024","-5.10121103385702","-4.999061417429091","-5.413102598498991","-5.194625829222436","-5.165805316474904","-5.038410422682451","-5.011387937443676","-4.982555029250811"
"IMF.FAD:FM(5.0.0)","GX149.CAB_S13_POPGDP_PT.A","OBS_VALUE","Emerging G20","Cyclically adjusted balance, General government, Percent of potential GDP","Annual","Units","","","","","","","","","","","","","","","0.0318507441555102","-0.563631279529621","-1.200933910075294","-2.84590441552216","-3.113800368563039","-3.764748935174786","-4.111364923168565","-3.58901704425109","-3.349610701881081","-3.196417357682188","-2.889098746492359","-1.344367267917526","-0.5015518775878746","-0.5463477455200129","-0.6776335959103645","-1.066679681993103","-3.219566944341655","-2.684416884263061","-1.869554458592215","-1.776434149431291","-2.167662098021232","-2.227172272272715","-3.580155021164477","-3.91312670823976","-3.7538385962152","-3.89253091254678","-4.807061293206666","-7.323705299738373","-4.956570331159613","-5.586926795071029","-5.845122664916115","-6.026598263241195","-6.625500887383862","-7.044462666401055","-7.114815830469712","-6.98404603999206","-6.830898022998644","-6.789588649286636","-6.810171425003166"
"IMF.FAD:FM(5.0.0)","G110.CAB_S13_POPGDP_PT.A","OBS_VALUE","Advanced Economies","Cyclically adjusted balance, General government, Percent of potential GDP","Annual","Units","","","-2.991411727679694","-2.928563497221614","-3.22088015963636","-3.486665180228081","-3.858842878699505","-3.189142572489631","-2.715090593543225","-4.302763621716796","-4.74769977195194","-5.40964559593831","-5.302237233434973","-5.427872211742489","-5.146020229043175","-4.128238530038325","-4.850927169167161","-3.273700130510176","-2.14512359713406","-2.330927998268258","-2.216823886748989","-2.775233656088226","-2.281455771983849","-3.445198962989085","-3.777261285538997","-3.561418020197039","-2.823534017085169","-2.336103285083367","-2.663398197339818","-4.189913881166696","-5.991774096354572","-6.920612346850349","-5.735380485420025","-4.581548873275084","-3.257067372899435","-2.660147850312432","-2.266507343796013","-2.389186311532841","-2.453647688288647","-2.539691319255831","-3.225664954380211","-7.638306783834957","-6.817213767020601","-3.811628454029074","-5.64968846935796","-4.815971832751152","-4.956966822038753","-4.983190728486917","-4.969884471456082","-5.052218261116095","-4.990734127957423","-4.977578415287368","-4.899412596248848"
"IMF.FAD:FM(5.0.0)","G001.G2M_S13_POGDP_PT.A","OBS_VALUE","World","Expenditure, General government, Percent of GDP","Annual","Units","","","","","","","","","","","","","38.34342346551184","39.65764115542479","38.72156849973028","38.2114241356429","38.34084761457177","36.89836124732282","35.5661953610731","37.02095865867628","35.92535825810876","34.81153015110072","34.43643636412408","35.22218617706009","35.74152585556712","35.17484864675128","34.82514450194621","34.32212626072831","34.33418016698421","35.87542385094543","38.9401058237088","37.33954673339939","36.60728283524652","36.25412514148716","35.84461098133338","35.48777555707342","35.26202740706034","35.22372076050844","34.83466950474881","34.91477125925159","35.25852612979849","40.8411475227519","38.38902983101682","35.99654277580593","36.45707285177228","36.71853101678353","36.87049592014585","37.10527032757996","36.85407016422726","36.72949545169947","36.55113707809463","36.53093018017392","36.43539233132111"
"IMF.FAD:FM(5.0.0)","GX229.G1_S13_POGDP_PT.A","OBS_VALUE","Low-Income Developing Countries","Revenue, General government, Percent of GDP","Annual","Units","","","","","","","","","","","","12.96325800628849","12.04864390561268","13.66159653942385","13.51101252172948","11.69873661315562","12.85593667800518","11.71681845915895","11.53998666701762","10.04378902788201","12.6304001517538","14.70841705451573","14.79863177071877","13.47489084263644","13.97673445687902","15.0462722775252","15.09365737995495","16.0925837122776","14.42380955453498","15.5868635587127","12.36055694293178","13.35738731848387","14.96672155865063","14.5011174265694","13.48697766817521","13.25795697041399","11.83295280507481","11.63440332318878","12.05841157229418","12.55350940591347","12.2645039435642","11.7280048359939","12.46476109442043","13.20114079690804","13.49834831156273","14.99268273282896","15.41557908438399","15.57288220285402","15.61547190363522","15.77776527117884","16.00599718299042","16.13563196978129","16.16869595948182"
"IMF.FAD:FM(5.0.0)","GX235.G2M_S13_POGDP_PT.A","OBS_VALUE","Low-Income Oil Producers","Expenditure, General government, Percent of GDP","Annual","Units","","","","","","","","","","","","14.70175880604258","14.31896723677568","16.66502835215183","20.4662343425523","12.3972741283775","9.153328130839822","7.994953951368416","9.819303195414961","11.25814079117705","15.29099363267003","17.68026714875344","22.20636470804394","14.47255848229269","16.90686211852839","13.35180466543091","12.85072976094364","9.307922628204101","13.33396727214123","10.802868566593","11.67033895177771","12.39322140550609","12.98382053074673","11.40555792488449","11.10406351015485","10.64851815702826","8.713348668279587","7.899311350010912","9.190991758396871","9.838785560426536","9.607294189508538","9.462593332639843","9.746373406564971","11.4090007487449","11.45765635717438","13.72125797007767","13.60908340345666","16.50439016856233","15.36218873524905","14.53023973617294","14.21460595175686","14.12469766861522","14.14603642619618"
"IMF.FAD:FM(5.0.0)","GX229.G63G_S13_POGDP_PT.A","OBS_VALUE","Low-Income Developing Countries","Gross debt, General government, Percent of GDP","Annual","Units","","","","","","","","","","","","","","","","","","","32.41007111517753","33.98984928561108","58.65533784349522","70.94771309013423","68.39448146567571","63.67192417347801","56.03034385972909","50.62726899507133","40.31894671423798","28.96289923554491","25.4578572742674","23.86844642233188","24.91390632627429","23.23863217377607","24.27772470685444","24.42478656018007","25.13385615946875","26.48029555646554","29.39674129805765","32.80767693776907","35.90099273607748","37.13857751670427","38.50663953003375","45.50410463460281","45.40541855665282","46.26881706681184","50.49306909954096","50.56406563124129","48.41543419063538","48.16743129763883","46.82870590814843","46.41156384887373","46.28902082967784","45.97487168678919","45.52337182107169"
"IMF.FAD:FM(5.0.0)","GX502.CAB_S13_POPGDP_PT.A","OBS_VALUE","Emerging and Middle-Income Asia","Cyclically adjusted balance, General government, Percent of potential GDP","Annual","Units","","","","","","","","","","","","-0.2391193371404812","0.1349923908722063","0.2853709789427711","0.537545974923098","0.6690859140113507","0.04510100925492449","-1.903336738244899","-2.449041521739868","-3.368559080695882","-4.145051920130821","-3.866134905843195","-3.915915318717811","-4.03222675452892","-3.628461618601212","-2.362117167038231","-1.72720811899711","-1.437664114223932","-1.168955140820556","-1.592680348957948","-3.170982526726435","-2.33589546124222","-1.676200602914164","-1.362913422226848","-1.38791050786723","-1.230608936748387","-2.771487518230916","-3.541844853295952","-3.476748680655656","-4.157767773183305","-5.404466261644475","-7.551407928440964","-5.787480673261506","-6.386103864044923","-5.907636531756686","-6.378743842370033","-7.116542866209334","-7.764709344999122","-7.967223612357573","-7.876923435053976","-7.757965566933312","-7.693635938219494","-7.675279170755469"
"IMF.FAD:FM(5.0.0)","GX229.G63N_S13_POGDP_PT.A","OBS_VALUE","Low-Income Developing Countries","Net debt, General government, Percent of GDP","Annual","Units","","","","","","","","","","","","","","","","","","","","","","","","","","","","","","6.758953098579132","8.587535654598605","9.088919875317561","12.55137209984276","11.77807604693302","12.62567993064019","12.70837461011005","17.26982043632492","20.49470960018908","23.72880787273119","24.96402624708416","26.51870375248275","30.95345323082788","36.91020660182222","38.54318612770255","43.93566199015221","45.7068442954442","45.55176169224331","44.43767469564911","44.40987166986966","43.56073256890064","42.35047057005506","41.19296479716974","40.12457011147042"
"IMF.FAD:FM(5.0.0)","GX206.CAB_S13_POPGDP_PT.A","OBS_VALUE","Emerging and Middle-Income Latin America","Cyclically adjusted balance, General government, Percent of potential GDP","Annual","Units","","","","","","","","","","","","","","","","","","","-2.99300363830608","-4.023071323093955","-4.39941707331837","-3.303733326982494","-2.89943310462894","-2.097066723781523","-1.953702125132478","-0.943076235902982","-1.049480251214952","-1.864459699745674","-1.629001708053108","-1.753236552610497","-2.669049440978998","-3.387823389077346","-3.337433078539893","-3.03674182044305","-3.925189162356912","-5.380568196530257","-5.892238558020586","-4.860282694864669","-4.880777035372461","-4.32948853411777","-3.345844114489194","-6.149787304589071","-3.696869105788406","-3.923125020294755","-5.375027999425906","-4.86286625460157","-4.918115010745034","-5.052458295026498","-4.234774053360428","-3.617447577755866","-3.454061007937285","-3.261914144616999","-3.231858586122561"
"IMF.FAD:FM(5.0.0)","GX229.GNLB_S13_POGDP_PT.A","OBS_VALUE","Low-Income Developing Countries","Net lending (+) / net borrowing (-), General government, Percent of GDP","Annual","Units","","","","","","","","","","","","-1.654809131573809","-2.081439782205577","-1.88996862272286","-4.557072921533159","-2.568502720961236","0.5255212594926797","0.8968669304939859","-0.219634325228846","-2.708637501823313","-1.978182376021348","-0.7386689903043249","-2.304587778747646","-1.318930545368734","-1.727741270669063","0.2350855006176754","0.2965868129055153","2.727634668731407","-0.835737480809112","1.051528126156139","-2.954580914512985","-2.256981717740545","-0.9816427778157093","-1.317942891180952","-2.444915220241523","-2.407363105757848","-3.15325170785858","-3.239356499897053","-3.570312788483699","-3.310335398994906","-3.735055477798765","-4.997200959902594","-4.214661717190941","-4.193826953366448","-3.765433690558363","-2.973825777076867","-2.738705531338215","-3.408188256927172","-3.280243681753531","-3.269313752573647","-3.349067598493416","-3.390325751579157","-3.441113739691287"
"IMF.FAD:FM(5.0.0)","GX161.G1_S13_POGDP_PT.A","OBS_VALUE","Oil Producers","Revenue, General government, Percent of GDP","Annual","Units","","","","","","","","","","","","28.83671184689863","32.49194558591307","36.98620086369123","35.70338614910823","34.3684794988406","33.4823226731849","33.43144097143314","33.09206714556227","30.01708690210665","32.82672069790055","35.82620498980486","33.82723247872648","34.58052533060805","35.02478131501837","35.99066702394614","38.05063194682094","38.04692789451371","36.79019670158763","38.14176964026394","32.79232390091534","33.1269317581679","35.1057406519822","35.62978416553101","34.28985587738783","32.60885649614156","29.47198724083954","29.06477289162615","30.0988100417272","32.60867058151003","32.53410037283695","31.5935508210352","33.04363580361304","33.91854937196871","33.55623982954784","34.03192796350594","33.40406935466139","33.35797187587261","33.39915724439592","33.11003598356535","32.97284397563242","32.75925646530463","32.60428015333646"
"IMF.FAD:FM(5.0.0)","GX905.CAB_S13_POPGDP_PT.A","OBS_VALUE","Emerging and Middle-Income Europe","Cyclically adjusted balance, General government, Percent of potential GDP","Annual","Units","","","","","","","","","","","","","","","","","","","","","-2.786326617190214","-3.499567870623634","-2.712783188311847","-3.959795339736283","-2.790242232084762","-1.000243046055359","1.639162099457336","1.628232816872608","0.3626769141117101","-0.5423711712920897","-4.409023684046481","-3.123526099530186","-0.7030753281240586","-1.104765016434037","-1.953198324482688","-1.040676307503712","-1.99424070995116","-2.088451660203683","-1.589759233588173","-0.1347808693745837","-0.9838656389424088","-4.645326616109651","-1.889226439547057","-2.808981524141227","-4.672518568161554","-4.615111072172928","-5.058193520805329","-4.602330081330092","-4.525897612350938","-3.978511182141382","-3.348085713747374","-3.246190534419404","-3.251773746393991"
"IMF.FAD:FM(5.0.0)","GX148.G2M_S13_POGDP_PT.A","OBS_VALUE","Advanced G20","Expenditure, General government, Percent of GDP","Annual","Units","","","","","","","","","","","","","40.41345140022895","41.56696422877764","41.79477583519884","41.35533300948758","41.55391079496285","40.60404574768904","","","","","36.41954788306803","37.07098971668393","37.75736661395042","37.39036372085534","37.38043610276784","37.08460009647598","37.44692355338649","39.29255983958839","43.10572548827206","41.77922202051538","41.01510369230574","40.25030568684999","39.59463058554193","39.03923517053564","38.27957982462432","38.2659162785856","38.06037058757088","38.10425079027349","38.46354399745676","46.48854335715582","44.68072356909837","40.39965018014539","40.46361711283034","40.62571911424607","40.77509878259972","41.2520806953769","41.06818340896473","41.16985759605082","41.08506250900531","41.21361236961056","41.1736845159732"
"IMF.FAD:FM(5.0.0)","GX234.G2M_S13_POGDP_PT.A","OBS_VALUE","Low-Income Developing Others","Expenditure, General government, Percent of GDP","Annual","Units","","","","","","","","","","","","30.79364135604433","42.01687355917862","29.76703481876853","30.98935823996776","22.85306471331153","24.37323291757334","26.01779562772331","23.45805682736879","24.47895298493949","24.00138064242512","22.43797885203614","19.66466420980108","18.94322231136808","19.31808788775171","21.07402895275656","22.18883153394978","20.97651238879838","21.76004741608065","22.37064286693281","22.93087920034035","21.55002832414962","21.22854146892711","22.00246214554391","21.38198847824384","20.79416553918164","20.28166837031452","18.76994161587782","19.98569493804062","22.47441081511709","23.25591661470069","22.28953418493255","21.67961492645297","26.31304505521648","24.41606561791399","23.62845792449116","24.27823062277743","25.27632708195539","25.89341730819951","26.44520789275058","26.5132645260155","26.50353282718431","26.45231037774037"
"IMF.FAD:FM(5.0.0)","GX232.G2M_S13_POGDP_PT.A","OBS_VALUE","Low-Income Developing Sub-Saharan Africa","Expenditure, General government, Percent of GDP","Annual","Units","","","","","","","","","","","","","14.36488079292521","16.02317949851135","","14.06507815750073","11.2790067332392","9.259502971073364","10.77355720797002","11.90082611860359","14.17029507598873","15.37627807504952","18.06365555518826","14.63927314797314","16.04647658738321","14.56024284790594","14.20613971485567","12.30004597660013","14.72585900998599","13.30491260217196","14.2077384963416","14.84992903562945","15.23501502643585","14.64193851853174","14.65310072295985","14.4218871732756","13.62594280931085","13.76065737817716","14.78328948601566","14.74499899947948","14.67821908850976","15.76635272095035","16.07695275472693","16.69675509197736","16.64810454388804","18.04810784089764","18.45490931502107","19.57650744008342","19.19598319039605","18.97151699497232","19.05402791315539","19.08743837590394","19.16579723878692"
"IMF.FAD:FM(5.0.0)","GX230.G2M_S13_POGDP_PT.A","OBS_VALUE","Low-Income Developing Asia","Expenditure, General government, Percent of GDP","Annual","Units","","11.04464209297249","10.58257368360348","10.78622014250084","12.50860268302819","11.38439811516882","11.20590307607491","11.82056746565623","11.38669465999573","10.99353472205521","11.48681400340556","11.04952172127633","10.72934502795667","10.92080072522197","12.00813064437931","11.71760279825836","11.5621414916023","11.27195879333921","11.40707507285753","11.9875694257938","11.1838856215563","12.19917783033829","13.22789997127313","12.52370192904027","12.0072626314251","11.69809875114277","12.09775821525253","11.97840169648011","12.01078548436074","13.53736206508926","13.79697995512168","13.85318643710657","14.52807575258615","16.01592248714675","17.01367638944149","16.83487482244992","15.75563622944673","15.14377847977877","15.40372939938506","15.99970268766041","16.5388480861067","16.69275159763432","15.93366358712159","15.88435505102757","15.64921325944839","15.46396863889435","14.73021470659384","14.92517152765278","15.31293179797097","15.93867770942444","16.70959181461397","17.21089404387972","17.32066828643788"
"IMF.FAD:FM(5.0.0)","GX206.GNLB_S13_POGDP_PT.A","OBS_VALUE","Emerging and Middle-Income Latin America","Net lending (+) / net borrowing (-), General government, Percent of GDP","Annual","Units","","","","","","","","","","","","","","","-0.9267096863813553","-1.968163838916351","","","","","-3.569890566834268","-2.060270136196006","-3.168068376239522","-2.70213181169044","-2.703058903958409","-1.116000848413524","-1.031479443895204","-1.709067171354441","-1.073477521223005","-1.109345626700679","-3.969583631435554","-3.128995275818741","-2.690963651328773","-2.73756732704767","-3.330124979375911","-4.849974545334546","-5.923877798884699","-5.360506391387968","-5.133220721312866","-4.986102054650795","-3.721744907645643","-8.152531344685797","-3.872376852572674","-3.616728658585145","-5.136222369196591","-4.76403389404309","-4.947112506239009","-5.011633345383403","-4.222564622808367","-3.589741009674102","-3.402526947148102","-3.207137329691673","-3.166973605444056"
"IMF.FAD:FM(5.0.0)","GX905.CAPB_S13_POPGDP_PT.A","OBS_VALUE","Emerging and Middle-Income Europe","Cyclically adjusted primary balance, General government, Percent of potential GDP","Annual","Units","","","","","","","","","","","","","","","","","","","","","1.410299767128018","3.271631759797291","3.298997828415215","1.281569320768986","1.817178143449553","2.535167900602939","4.044410082619091","3.752263092090428","2.038339631751503","0.918055587232105","-2.878707358296821","-1.581754907819012","0.689061810252504","0.2711367212535798","-0.4857759344745736","0.2338225924368065","-0.968093647110601","-1.002771115505607","-0.6335439590802483","1.053562880430695","0.06502188120547612","-3.672913995915624","-0.9003935227794743","-1.693635606274093","-3.224999451793698","-3.248415328595596","-3.42293911916469","-2.444682366177701","-2.375103751666115","-1.774604238546488","-1.081035984107488","-0.968291765921111","-0.9256639997097938"
"IMF.FAD:FM(5.0.0)","GX905.GNLB_S13_POGDP_PT.A","OBS_VALUE","Emerging and Middle-Income Europe","Net lending (+) / net borrowing (-), General government, Percent of GDP","Annual","Units","","","","","","","","","","","","","","","","","","","","-5.739419568515233","-2.681929061678781","-2.896377377020624","-2.993998142187437","-4.000126188502458","-3.001132023061195","-0.7721640505290971","1.752322502457877","2.344730395388215","1.487587641867238","0.5925754665008538","-5.486319929997893","-3.565718942941273","-0.1757568763548525","-0.7431984840506698","-1.454509706177527","-1.395100447514296","-2.506963116083533","-2.643993928414538","-1.728373500662333","0.4234497653277325","-0.568722770530575","-5.359609355669612","-1.669437549044099","-2.26833657301993","-4.068387740693595","-4.104405098109133","-4.634417992915899","-4.339574091072855","-4.37951101351933","-3.962904168014822","-3.366405327920314","-3.262602708172543","-3.250796302421451"
"IMF.FAD:FM(5.0.0)","GX232.G1_S13_POGDP_PT.A","OBS_VALUE","Low-Income Developing Sub-Saharan Africa","Revenue, General government, Percent of GDP","Annual","Units","","","","","","","","","","","","","11.94729644178309","13.79540369972527","","10.79510396304672","12.2958467887657","10.95492824809961","10.95947401249808","8.984080835987083","12.10323104518125","15.49234997417749","16.11385317706399","13.95141715054885","14.47208476529048","15.74356003536947","15.37934657534584","16.41662965650173","13.93120845822951","15.05594548887357","11.05205357974763","12.13309681559761","14.49654144051434","13.46937820489518","12.0844419626419","11.80673457742793","10.21422835916475","9.95071328251093","10.90180357188439","11.32562047537564","11.08293842062185","10.64097494567385","11.31634632001757","12.04713287975536","12.81552429924405","14.75659359299452","15.39074361197506","15.68243149277934","15.80683985171786","15.88719712385774","16.01774373877838","16.11426349975051","16.1380807936163"
"IMF.FAD:FM(5.0.0)","GX234.G63G_S13_POGDP_PT.A","OBS_VALUE","Low-Income Developing Others","Gross debt, General government, Percent of GDP","Annual","Units","","","","","","","","","","","","","","","","","","","66.52819791601832","77.63690082855693","65.56410719843718","76.515609850804","83.11544665130866","112.6446263825814","97.54919872541789","82.40654228497085","68.79628643711524","44.00837637461424","37.88956510788833","36.25218245737543","39.55065401118838","39.1458692465342","37.25474125138747","42.69232375964293","38.94168766267305","34.56809073768537","39.02707896558141","44.9657663550254","60.02096560865269","65.98765148465523","64.48093396853819","85.89897337215518","64.7076337046386","58.42085826761001","70.43371878887662","59.39641725630571","50.83916758315721","54.67662443495326","46.86771031824649","44.97878391176914","43.58046508888248","42.67189709332179","41.4265647131832"
"IMF.FAD:FM(5.0.0)","GX35.G1_S13_POGDP_PT.A","OBS_VALUE","Emerging Market and Middle-Income Economies","Revenue, General government, Percent of GDP","Annual","Units","","","","","","","","","","","","19.11702009186697","","20.18038904103402","18.68319342972734","18.53569379275704","19.66727255573953","20.00421603456933","19.85248024131195","19.38322100054316","19.74051102587635","21.76287755712147","22.735818469855","23.16007840524654","23.59241980554519","24.56878115119289","26.45574779864838","27.08009415207785","27.19555089097412","29.23103708015649","26.56359463704008","26.98731449488163","28.45152446702065","29.06833731324442","28.63550727508206","28.05391040951171","27.25653789905258","26.84072648437627","27.0589874804604","27.57221313063941","27.15728047306537","25.36731621651629","26.1910637180572","26.39857571998141","26.61584381617624","26.56395952136493","26.23940623498342","26.16279167901569","26.18257121686897","26.16008633321273","26.13503617640375","26.11223804818868","26.03915808971488"
"IMF.FAD:FM(5.0.0)","GX232.GNLB_S13_POGDP_PT.A","OBS_VALUE","Low-Income Developing Sub-Saharan Africa","Net lending (+) / net borrowing (-), General government, Percent of GDP","Annual","Units","","","","","","","","","","","","","-2.417584351142119","-2.227775798786079","","-3.269974194454011","1.016840055526494","1.695425277026251","0.1859168045280699","-2.916745282616504","-2.067064030807477","0.1160718991279625","-1.949802378124268","-0.6878559974242996","-1.574391822092731","1.183317187463534","1.173206860490178","4.116583679901598","-0.7946505517564795","1.751032886701614","-3.155684916593964","-2.716832220031831","-0.7384735859215136","-1.172560313636566","-2.568658760317969","-2.615152595847685","-3.411714450146092","-3.809944095666217","-3.881485914131275","-3.419378524103843","-3.595280667887904","-5.125377775276488","-4.760606434709368","-4.649622212221994","-3.832580244643989","-3.29151424790308","-3.064165703046007","-3.894075947304078","-3.389143338678187","-3.084319871114581","-3.036284174377019","-2.973174876153435","-3.027716445170616"
"IMF.FAD:FM(5.0.0)","GX232.G63N_S13_POGDP_PT.A","OBS_VALUE","Low-Income Developing Sub-Saharan Africa","Net debt, General government, Percent of GDP","Annual","Units","","","","","","","","","","","","","","","","","","","","","","","","","","","","","","6.478189534984696","8.212684464333963","8.760437017027986","12.2960942895631","11.54262658543326","12.39775042100295","12.45965113569936","16.9397366338864","20.13129889177256","23.38306627053746","24.61958295367414","26.22705822771612","30.68864321288188","36.76195550359735","38.46732886950295","43.95866322174495","45.85006366120636","45.78078917244197","44.69992669537818","44.68948996911641","43.85028198309095","42.63726249712769","41.45046331998885","40.32200808691194"
"IMF.FAD:FM(5.0.0)","GX905.G63N_S13_POGDP_PT.A","OBS_VALUE","Emerging and Middle-Income Europe","Net debt, General government, Percent of GDP","Annual","Units","","","","","","","","","","","","","","","","","43.40330059040626","43.16460889846434","41.56504486072963","40.479089331044","50.42571453882142","42.82762969301648","49.27110960938452","46.81948753019066","45.78041667247082","41.4092092488815","37.15179203168773","32.59435413578008","28.22062163927266","29.34242278067151","33.91295163917963","35.03070114181081","33.42239448610514","30.96803161071948","30.72463404001476","28.92825978106129","28.02489110195964","30.02000189793134","28.68858039415716","28.86897559292166","28.78587360183447","35.00406853129657","35.36669960753209","29.58431517129145","29.2218169116013","29.99493592752012","32.42797646377516","34.73428529743736","36.94649332639246","38.38247618107185","39.84355741843939","41.25447703289437","41.99684277745349"
